client_id_location_id,operational_start_date,latitude,longitude,state,region,city,zip,cohort,cbsa_id,cbsa_name,h3_id
360carwash_1,2024-02-19,32.6466149,-96.5333187,TX,South,Seagoville,75159,young,19100,"Dallas-Fort Worth-Arlington, TX",8826cb94edfffff
alpineshell_1,2024-02-05,32.835188,-116.765481,CA,West,Alpine,91901,young,41740,"San Diego-Carlsbad, CA",8829a4424bfffff
aquashineexpress_3,2024-11-06,26.646338,-81.9860327,FL,South,Cape Coral,33991,young,15980,"Cape Coral-Fort Myers, FL",8844133807fffff
bashamagicaltouchcarwash_1,2024-07-18,42.566565,-82.913395,MI,Midwest,Clinton Township,48035,young,19820,"Detroit-Warren-Dearborn, MI",882ab2d751fffff
bigdripcarwash_1,2024-08-14,33.3500742,-86.6338366,AL,South,Chelsea,35043,young,13820,"Birmingham-Hoover, AL",8844e8311dfffff
bighorncarwash_1,2024-11-25,46.606317,-112.0200597,MT,West,Helena,59601,young,25740,"Helena, MT",8827926725fffff
bigpeachcarwash_10,2024-03-11,33.1941083,-84.2833177,GA,South,Griffin,30224,young,12060,"Atlanta-Sandy Springs-Roswell, GA",8844c19acbfffff
bigpeachcarwash_12,2024-01-18,32.867664,-83.697896,GA,South,Macon,31210,young,31420,"Macon-Bibb County, GA",8844c0a201fffff
bigpeachcarwash_9,2024-03-27,30.499574,-84.328465,FL,South,Tallahassee,32303,young,45220,"Tallahassee, FL",8844e0484bfffff
bigrivercarwash_4,2024-05-08,32.366088,-86.143386,AL,South,Montgomery,36117,young,33860,"Montgomery, AL",8844eeb437fffff
blastcarwash_1,2024-03-06,32.8908534,-96.4693111,TX,South,Rockwall,75032,young,19100,"Dallas-Fort Worth-Arlington, TX",8826c82e0bfffff
bluebuffalocarwash_1,2024-11-19,42.0992047,-79.2983729,NY,Northeast,Lakewood,14750,young,27460,"Jamestown-Dunkirk-Fredonia, NY",882aa2da6dfffff
bluerainexpress_2,2024-09-25,33.3429979,-86.7946528,AL,South,Pelham,35124,young,13820,"Birmingham-Hoover, AL",8844e832dbfffff
bluewave_65,2024-04-11,26.255522,-98.2316589,TX,South,McAllen,78504,young,32580,"McAllen-Edinburg-Mission, TX",8848b38413fffff
blusaharacarwash_1,2024-11-19,36.144831,-115.223724,NV,West,Las Vegas,89146,young,29820,"Las Vegas-Henderson-Paradise, NV",882986b8c7fffff
bluwavefl_1,2024-03-18,26.493543,-81.8046573,FL,South,Fort Myers,33912,young,15980,"Cape Coral-Fort Myers, FL",8844130891fffff
bubblebay_1,2024-02-08,42.0653996,-71.016278,MA,Northeast,Brockton,02301,young,14460,"Boston-Cambridge-Newton, MA-NH",882a339537fffff
bubbledown_5,2024-01-11,28.2179191,-82.2588074,FL,South,Zephyrhills,33543,young,45300,"Tampa-St. Petersburg-Clearwater, FL",88441a086bfffff
bubbledown_6,2024-11-22,28.099303,-82.740366,FL,South,Palm Harbor,34684,young,45300,"Tampa-St. Petersburg-Clearwater, FL",88441ab847fffff
buffitautowash_4,2024-10-24,35.0684992,-94.627127,OK,South,Poteau,74953,young,22900,"Fort Smith, AR-OK",8826e94d57fffff
bulldogexpress_1,2024-11-19,34.5679558,-83.3038851,GA,South,Toccoa,30577,young,45740,"Toccoa, GA",8844ce4341fffff
cadillacexpresscarwash_8,2024-03-29,29.717932,-95.313413,TX,South,Houston,77023,young,26420,"Houston-The Woodlands-Sugar Land, TX",88446ca935fffff
carwashcompany_1,2024-01-18,38.0294787,-85.5923771,KY,South,Mount Washington,40047,young,31140,"Louisville/Jefferson County, KY-IN",882668b51dfffff
cascadecarwash_3,2024-04-16,31.2087712,-82.3823678,GA,South,Waycross,31501,young,48180,"Waycross, GA",8844f1716dfffff
centurycarwash_9,2024-05-29,35.01991,-89.840712,TN,South,Memphis,38141,young,32820,"Memphis, TN-MS-AR",882659a45dfffff
circlek_4,2024-05-29,37.0502256,-84.626411,KY,South,Somerset,42501,young,43700,"Somerset, KY",8844cb2eb3fffff
clean_4,2024-03-20,32.2066453,-98.2326992,TX,South,Stephenville,76401,young,44500,"Stephenville, TX",88489b2b21fffff
clearwater_16,2024-04-25,29.801015,-95.409759,TX,South,Houston,77008,young,26420,"Houston-The Woodlands-Sugar Land, TX",88446c320bfffff
clearwater_17,2024-04-18,33.7617077,-96.5824205,TX,South,Denison,75020,young,43300,"Sherman-Denison, TX",8826c8814bfffff
clearwater_19,2024-08-27,32.456287,-97.7267,TX,South,Granbury,76049,young,19100,"Dallas-Fort Worth-Arlington, TX",8826ca2e33fffff
clearwater_20,2024-10-03,29.665539,-95.463115,TX,South,Houston,77035,young,26420,"Houston-The Woodlands-Sugar Land, TX",88446caacdfffff
coast2coast_1,2024-08-20,27.446595,-82.474166,FL,South,Bradenton,34203,young,35840,"North Port-Sarasota-Bradenton, FL",88441e631bfffff
cosmicexpress_1,2024-06-06,29.563413,-97.942892,TX,South,Seguin,78155,young,41700,"San Antonio-New Braunfels, TX",88489c412dfffff
crownamerica_1,2024-01-10,33.859779,-118.126279,CA,West,Lakewood,90712,young,31080,"Los Angeles-Long Beach-Anaheim, CA",8829a56853fffff
deepcleancarwash_1,2024-02-01,32.1384443,-81.3176351,GA,South,Bloomingdale,31302,young,42340,"Savannah, GA",8844d51205fffff
dinoclean_1,2024-04-30,33.1462647,-96.8040187,TX,South,Frisco,75034,young,19100,"Dallas-Fort Worth-Arlington, TX",8826c80dd7fffff
dinodashwash_4,2024-08-27,37.144259,-113.458937,UT,West,Washington,84780,young,41100,"St. George, UT",8829957095fffff
dragonsedge_1,2024-10-23,36.8450174,-81.4955846,VA,South,Marion,24354,young,14140,"Bluefield, WV-VA (nearest)",882a99b937fffff
elitecarwash_1,2024-04-16,38.057274,-121.350366,CA,West,Stockton,95209,young,44700,"Stockton-Lodi, CA",88283620e3fffff
euclidanaheimcarwash_1,2024-10-31,33.8512745,-117.9412602,CA,West,Anaheim,92801,young,31080,"Los Angeles-Long Beach-Anaheim, CA",8829a0b4a7fffff
expresswash_6,2024-09-09,27.9970206,-82.5761059,FL,South,Tampa,33615,young,45300,"Tampa-St. Petersburg-Clearwater, FL",88441a8d57fffff
fastnfurious_1,2024-02-27,37.7215582,-85.8388727,KY,South,Elizabethtown,42701,young,21060,"Elizabethtown-Fort Knox, KY",8826683407fffff
feelgreatcarwash_1,2024-06-05,32.7589159,-96.8931161,TX,South,Dallas,75211,young,19100,"Dallas-Fort Worth-Arlington, TX",8826cb9b15fffff
floriscarwash_3,2024-01-10,28.567093,-81.253742,FL,South,Orlando,32825,young,36740,"Orlando-Kissimmee-Sanford, FL",8844a90f21fffff
fordroadcarwash_1,2024-01-12,42.3263524,-83.2884476,MI,Midwest,Dearborn Heights,48127,young,19820,"Detroit-Warren-Dearborn, MI",882ab2cdedfffff
freedomexpress_1,2024-08-15,36.5767865,-94.769154,OK,South,Grove,74344,young,33060,"Miami, OK (nearest)",8826ec28a1fffff
freshwash_3,2024-03-12,34.287202,-83.809828,GA,South,Gainesville,30501,young,23580,"Gainesville, GA",8844ced681fffff
galaxycarwash_1,2024-11-25,28.6581873,-81.1785821,FL,South,Oviedo,32765,young,36740,"Orlando-Kissimmee-Sanford, FL",8844a972a5fffff
gallocarwash_3,2024-04-23,29.604704,-82.368563,FL,South,Gainesville,32641,young,23540,"Gainesville, FL",8844f422e7fffff
gateexpress_10,2024-04-09,30.287451,-81.535229,FL,South,Jacksonville,32246,young,27260,"Jacksonville, FL",8844f0475bfffff
gateexpress_11,2024-02-27,30.287545,-81.6326879,FL,South,Jacksonville,32207,young,27260,"Jacksonville, FL",8844f00941fffff
gateexpress_12,2024-03-26,30.106697,-81.823792,FL,South,Middleburg,32068,young,27260,"Jacksonville, FL",8844f01147fffff
gateexpress_13,2024-03-19,30.2715387,-81.7354023,FL,South,Jacksonville,32210,young,27260,"Jacksonville, FL",8844f00a1dfffff
gateexpress_14,2024-03-19,30.197819,-81.8223849,FL,South,Jacksonville,32222,young,27260,"Jacksonville, FL",8844f00341fffff
gateexpress_15,2024-03-05,30.204768,-81.7598609,FL,South,Jacksonville,32244,young,27260,"Jacksonville, FL",8844f018c7fffff
gateexpress_17,2024-04-02,30.490137,-81.626126,FL,South,Jacksonville,32218,young,27260,"Jacksonville, FL",8844f071ddfffff
gateexpress_18,2024-03-05,30.629671,-81.585767,FL,South,Yulee,32097,young,27260,"Jacksonville, FL",8844f061cbfffff
gateexpress_19,2024-05-08,30.266266,-81.523687,FL,South,Jacksonville,32246,young,27260,"Jacksonville, FL",8844f055b5fffff
gateexpress_2,2024-01-09,30.0611968,-81.5066026,FL,South,Saint Johns,32259,young,27260,"Jacksonville, FL",8844f05217fffff
gateexpress_20,2024-05-11,30.2593677,-81.4667972,FL,South,Jacksonville,32224,young,27260,"Jacksonville, FL",8844f042b5fffff
gateexpress_21,2024-07-31,30.242152,-81.5197215,FL,South,Jacksonville,32256,young,27260,"Jacksonville, FL",8844f055a9fffff
gateexpress_4,2024-01-03,29.963635,-81.488713,FL,South,St. Augustine,32092,young,27260,"Jacksonville, FL",8844f0c835fffff
gateexpress_5,2024-01-23,30.1234741,-81.3980103,FL,South,Ponte Vedra Beach,32081,young,27260,"Jacksonville, FL",8844f05adbfffff
gateexpress_6,2024-01-16,30.2382919,-81.3867508,FL,South,Ponte Vedra Beach,32082,young,27260,"Jacksonville, FL",8844f04025fffff
gateexpress_7,2024-01-30,30.09541,-81.52176,FL,South,Saint Johns,32259,young,27260,"Jacksonville, FL",8844f05281fffff
gateexpress_8,2024-02-06,30.163314,-81.5999599,FL,South,Jacksonville,32258,young,27260,"Jacksonville, FL",8844f0563dfffff
gateexpress_9,2024-02-19,30.287164,-81.450161,FL,South,Jacksonville,32224,young,27260,"Jacksonville, FL",8844f0408bfffff
gogreennclean1_3,2024-10-01,39.8414799,-74.9633474,NJ,Northeast,Gibbsboro,08056,young,37980,"Philadelphia-Camden-Wilmington, PA-NJ-DE-MD",882a137b53fffff
goshine_1,2024-11-19,32.4669702,-90.108616,MS,South,Madison,39110,young,27140,"Jackson, MS",88445c3863fffff
greenwayautowash_1,2024-03-14,42.790152,-83.7456,MI,Midwest,Fenton,48430,young,22420,"Flint, MI",88274d04e9fffff
heroescarwash_10,2024-08-20,35.738892,-77.955324,NC,South,Wilson,27896,young,48980,"Wilson, NC",882ad4c9a1fffff
jammincarwash_3,2024-04-16,28.210344,-82.354471,FL,South,Wesley Chapel,33544,young,45300,"Tampa-St. Petersburg-Clearwater, FL",88441a0131fffff
joehollandexpresscarwash_1,2024-10-02,38.3691698,-81.6986407,WV,South,South Charleston,25303,young,16620,"Charleston, WV",882a9caf19fffff
jupitergalaxycarwash_1,2024-02-21,26.934891,-80.137243,FL,South,Jupiter,33458,young,33100,"Miami-Fort Lauderdale-West Palm Beach, FL",8844aea16dfffff
kiwicarwash_3,2024-07-23,32.6264407,-85.4037566,AL,South,Opelika,36801,young,12220,"Auburn-Opelika, AL",8844ee755dfffff
licketysplitexpress_1,2024-05-21,39.6072578,-119.2244436,NV,West,Fernley,89408,young,22280,"Fernley, NV",88298941a9fffff
linkscarwash_1,2024-08-16,28.452047,-81.3345029,FL,South,Orlando,32812,young,36740,"Orlando-Kissimmee-Sanford, FL",8844a9006bfffff
luvcarwash_39,2024-01-12,31.980289,-81.146533,GA,South,Savannah,31419,young,42340,"Savannah, GA",8844d5c29bfffff
luvcarwash_44,2024-03-09,41.463164,-75.642049,PA,Northeast,Dickson City,18519,young,42540,"Scranton--Wilkes-Barre--Hazleton, PA",882aa5ac67fffff
luvcarwash_45,2024-01-12,32.137208,-81.254417,GA,South,Pooler,31322,young,42340,"Savannah, GA",8844d51307fffff
luvcarwash_46,2024-03-09,41.3923952,-75.6926622,PA,Northeast,Taylor,18517,young,42540,"Scranton--Wilkes-Barre--Hazleton, PA",882aa5adb5fffff
luvcarwash_47,2024-03-25,40.2460378,-75.2428014,PA,Northeast,Montgomeryville,18936,young,37980,"Philadelphia-Camden-Wilmington, PA-NJ-DE-MD",882a122dd3fffff
luvcarwash_49,2024-03-25,31.956633,-81.324565,GA,South,Richmond Hill,31324,young,42340,"Savannah, GA",8844d599b5fffff
luvcarwash_50,2024-02-03,31.9602019,-81.3043055,GA,South,Richmond Hill,31324,young,42340,"Savannah, GA",8844d58b45fffff
luvcarwash_51,2024-06-13,34.09821,-118.36309,CA,West,Los Angeles,90046,young,31080,"Los Angeles-Long Beach-Anaheim, CA",8829a1d691fffff
luvcarwash_52,2024-06-28,34.172404,-118.83919,CA,West,Thousand Oaks,91362,young,37100,"Oxnard-Thousand Oaks-Ventura, CA",8829a186b5fffff
luvcarwash_53,2024-04-17,30.2940283,-81.6082694,FL,South,Jacksonville,32207,young,27260,"Jacksonville, FL",8844f00967fffff
luvcarwash_54,2024-06-28,33.833923,-84.338848,GA,South,Atlanta,30329,young,12060,"Atlanta-Sandy Springs-Roswell, GA",8844c1322dfffff
luvcarwash_55,2024-06-28,34.168104,-118.617423,CA,West,Los Angeles,91364,young,31080,"Los Angeles-Long Beach-Anaheim, CA",8829a18193fffff
luvcarwash_56,2024-06-28,34.203789,-118.535853,CA,West,Los Angeles,91335,young,31080,"Los Angeles-Long Beach-Anaheim, CA",8829a18f67fffff
luvcarwash_57,2024-07-11,34.274291,-118.779373,CA,West,Simi Valley,93065,young,37100,"Oxnard-Thousand Oaks-Ventura, CA",8829a1ba2dfffff
luvcarwash_58,2024-07-24,34.271329,-118.796781,CA,West,Simi Valley,93065,young,37100,"Oxnard-Thousand Oaks-Ventura, CA",8829a1ba05fffff
luvcarwash_59,2024-07-25,34.1945855,-118.6064073,CA,West,Los Angeles,91303,young,31080,"Los Angeles-Long Beach-Anaheim, CA",8829a18e2dfffff
luvcarwash_60,2024-11-21,40.130566,-75.400818,PA,Northeast,Eagleville,19403,young,37980,"Philadelphia-Camden-Wilmington, PA-NJ-DE-MD",882aac95adfffff
luvcarwash_61,2024-07-24,34.2016944,-118.4500576,CA,West,Los Angeles,91405,young,31080,"Los Angeles-Long Beach-Anaheim, CA",8829a18833fffff
luvcarwash_62,2024-07-24,30.103818,-81.481478,FL,South,Saint Johns,32259,young,27260,"Jacksonville, FL",8844f0501bfffff
luvcarwash_63,2024-11-21,29.98657,-81.690613,FL,South,Green Cove Springs,32043,young,27260,"Jacksonville, FL",8844f0c56dfffff
luvcarwash_64,2024-08-21,34.093421,-84.006945,GA,South,Buford,30518,young,12060,"Atlanta-Sandy Springs-Roswell, GA",8844c166ebfffff
luvcarwash_65,2024-08-29,33.730664,-84.737809,GA,South,DouglasviIle,30135,young,12060,"Atlanta-Sandy Springs-Roswell, GA",8844c1b4bbfffff
luvcarwash_66,2024-09-12,38.4739594,-122.7318486,CA,West,Santa Rosa,95403,young,42220,"Santa Rosa, CA",8828302661fffff
luvcarwash_67,2024-09-20,38.4452886,-122.7323316,CA,West,Santa Rosa,95401,young,42220,"Santa Rosa, CA",8828303599fffff
luvcarwash_68,2024-10-02,38.4266968,-122.7142944,CA,West,Santa Rosa,95404,young,42220,"Santa Rosa, CA",88283035c3fffff
luvcarwash_69,2024-10-29,39.9863188,-75.8072989,PA,Northeast,Coatesville,19320,young,37980,"Philadelphia-Camden-Wilmington, PA-NJ-DE-MD",882aac10e9fffff
luvcarwash_70,2024-11-15,40.0419556,-75.5325945,PA,Northeast,Frazer,19355,young,37980,"Philadelphia-Camden-Wilmington, PA-NJ-DE-MD",882aac8e1bfffff
mach1expresswash_14,2024-02-01,41.7205024,-83.6060366,OH,Midwest,Toledo,43613,young,45780,"Toledo, OH",882a94d34dfffff
mach1expresswash_18,2024-10-29,34.1542831,-86.8420462,AL,South,Cullman,35055,young,18980,"Cullman, AL",8844ebb6edfffff
magicmex_1,2024-11-14,40.925118,-74.163713,NJ,Northeast,Paterson,07501,young,35620,"New York-Newark-Jersey City, NY-NJ-PA",882a1055b9fffff
magnolia_60,2024-01-16,30.1359812,-81.7776694,FL,South,Orange Park,32065,young,27260,"Jacksonville, FL",8844f01a17fffff
magnolia_61,2024-02-28,30.1571305,-85.590676,FL,South,Callaway,32404,young,37460,"Panama City, FL",8844e54339fffff
magnolia_62,2024-01-24,29.640588,-82.421902,FL,South,Gainesville,32607,young,23540,"Gainesville, FL",8844f42741fffff
magnolia_63,2024-02-28,26.700906,-81.847401,FL,South,North Fort Myers,33917,young,15980,"Cape Coral-Fort Myers, FL",8844137417fffff
magnolia_64,2024-02-28,38.2184249,-85.5380479,KY,South,Jeffersontown,40299,young,31140,"Louisville/Jefferson County, KY-IN",88266d48d3fffff
magnolia_65,2024-04-12,26.9482289,-82.0002227,FL,South,Punta Gorda,33982,young,39460,"Punta Gorda, FL",8844132dadfffff
magnolia_66,2024-03-14,33.8528886,-79.076195,SC,South,Conway,29526,young,34820,"Myrtle Beach-Conway-North Myrtle Beach, SC-NC",882ad35197fffff
magnolia_67,2024-03-15,33.6428071,-78.9723316,SC,South,Myrtle Beach,29575,young,34820,"Myrtle Beach-Conway-North Myrtle Beach, SC-NC",882ad344c7fffff
magnolia_68,2024-05-01,37.1718468,-76.4734923,VA,South,Yorktown,23692,young,47260,"Virginia Beach-Norfolk-Newport News, VA-NC",882af601a1fffff
magnolia_70,2024-06-26,30.3178306,-81.5589334,FL,South,Jacksonville,32225,young,27260,"Jacksonville, FL",8844f04631fffff
magnolia_71,2024-10-02,34.8899388,-77.548223,NC,South,Richlands,28574,young,27340,"Jacksonville, NC",882ad09661fffff
magnolia_72,2024-10-11,33.9027396,-78.4436843,NC,South,Ocean Isle Beach,28469,young,34820,"Myrtle Beach-Conway-North Myrtle Beach, SC-NC",882ad388d1fffff
makoexpress_1,2024-11-26,33.6552376,-78.9318203,SC,South,Myrtle Beach,29577,young,34820,"Myrtle Beach-Conway-North Myrtle Beach, SC-NC",882ad34695fffff
matthewscarwash_1,2024-10-23,35.5171599,-81.0040899,NC,South,Denver,28037,young,16740,"Charlotte-Concord-Gastonia, NC-SC",8844d86d43fffff
mintexpresscarwash_4,2024-10-15,29.5703956,-95.3915468,TX,South,Pearland,77584,young,26420,"Houston-The Woodlands-Sugar Land, TX",88446cb9c7fffff
missioncarwash_1,2024-11-11,33.190045,-87.4617332,AL,South,Cottondale,35401,young,46220,"Tuscaloosa, AL",8844ed6299fffff
mrcleancarwash_19,2024-02-15,34.377375,-84.92847,GA,South,Adairsville,30103,young,12060,"Atlanta-Sandy Springs-Roswell, GA",8844cc030dfffff
mrsudsexpresscarwash_1,2024-06-20,26.187159,-80.252533,FL,South,Lauderhill,33351,young,33100,"Miami-Fort Lauderdale-West Palm Beach, FL",8844a1234dfffff
orcaexpress_1,2024-01-23,47.167013,-122.143434,WA,West,Bonney Lake,98391,young,42660,"Seattle-Tacoma-Bellevue, WA",8828d4ae9bfffff
pinkbirdcarwash_1,2024-11-14,26.7199475,-80.0870623,FL,South,West Palm Beach,33401,young,33100,"Miami-Fort Lauderdale-West Palm Beach, FL",8844ae8539fffff
racewaycarwash_1,2024-04-25,42.043359,-88.277576,IL,Midwest,Elgin,60120,young,16980,"Chicago-Naperville-Elgin, IL-IN-WI",88275939dbfffff
racewaycarwash_2,2024-11-08,42.115524,-87.986045,IL,Midwest,Arlington Heights,60004,young,16980,"Chicago-Naperville-Elgin, IL-IN-WI",882759328dfffff
racewaycarwash_3,2024-09-03,42.397505,-88.184202,IL,Midwest,Fox Lake,60020,young,16980,"Chicago-Naperville-Elgin, IL-IN-WI",8827591733fffff
radiantexpresscarwash_8,2024-01-26,27.9958305,-82.4862386,FL,South,Tampa,33614,young,45300,"Tampa-St. Petersburg-Clearwater, FL",88441a1229fffff
radiantexpresscarwash_9,2024-08-28,28.193328,-82.590251,FL,South,Odessa,33556,young,45300,"Tampa-St. Petersburg-Clearwater, FL",88441a14e1fffff
ridethru_1,2024-03-20,33.975085,-118.122414,CA,West,Montebello,90640,young,31080,"Los Angeles-Long Beach-Anaheim, CA",8829a1d207fffff
rinsemyride_4,2024-02-28,33.5971226,-112.1348587,AZ,West,Phoenix,85029,young,38060,"Phoenix-Mesa-Scottsdale, AZ",8829b6c255fffff
riptide_11,2024-03-20,33.9838152,-78.3677888,NC,South,Shallotte,28470,young,34820,"Myrtle Beach-Conway-North Myrtle Beach, SC-NC",882ad38147fffff
riptide_12,2024-09-10,37.07233,-76.473289,VA,South,Newport News,23606,young,47260,"Virginia Beach-Norfolk-Newport News, VA-NC",882af60c03fffff
riptide_14,2024-10-30,35.9587881,-86.8062696,TN,South,Franklin,37067,young,34980,"Nashville-Davidson--Murfreesboro--Franklin, TN",88264d01dbfffff
riptide_15,2024-11-19,35.9091264,-86.8308782,TN,South,Franklin,37064,young,34980,"Nashville-Davidson--Murfreesboro--Franklin, TN",88264d0e67fffff
riptide_9,2024-03-07,34.7242705,-76.7443341,NC,South,Morehead City,28557,young,33980,"Morehead City, NC",882ad510e7fffff
roadrunnerexpress_4,2024-09-06,37.283468,-79.923973,VA,South,Roanoke,24012,young,40220,"Roanoke, VA",882a8a970bfffff
scrubblesstl_11,2024-07-17,38.6700002,-90.6085959,MO,Midwest,Chesterfield,63005,young,41180,"St. Louis, MO-IL",8826462a89fffff
scrubblesstl_12,2024-09-17,38.8090099,-90.8770201,MO,Midwest,Wentzville,63385,young,41180,"St. Louis, MO-IL",8826467739fffff
shaftercarwash_1,2024-10-14,35.5017576,-119.2730227,CA,West,Shafter,93263,young,12540,"Bakersfield, CA",8829ac6b37fffff
sharkbaycarwash_1,2024-08-28,30.928691,-83.245584,GA,South,Valdosta,31605,young,46660,"Valdosta, GA",8844e24d33fffff
shineycarwash_1,2024-08-14,39.3979453,-76.9310934,MD,South,Sykesville,21784,young,12580,"Baltimore-Columbia-Towson, MD",882aa8cb6dfffff
shortmancarwash_4,2024-07-19,36.0308366,-95.867917,OK,South,Tulsa,74133,young,46140,"Tulsa, OK",8826ea96c1fffff
snapclean_5,2024-06-26,32.4837293,-97.0059181,TX,South,Midlothian,76065,young,19100,"Dallas-Fort Worth-Arlington, TX",8826cbc6b1fffff
snapclean_6,2024-06-11,32.708644,-97.132958,TX,South,Arlington,76013,young,19100,"Dallas-Fort Worth-Arlington, TX",8826cbd099fffff
southernshineexpress_1,2024-10-30,34.9627359,-82.4319032,SC,South,Travelers Rest,29690,young,24860,"Greenville-Anderson-Mauldin, SC",8844dd0823fffff
splash_4,2024-02-02,29.2799998,-81.0815648,FL,South,Ormond Beach,32174,young,19660,"Deltona-Daytona Beach-Ormond Beach, FL",8844f6135dfffff
splashzonecarwash_3,2024-04-30,31.6423397,-84.2539721,GA,South,Leesburg,31763,young,10500,"Albany, GA",8844e34501fffff
sudsdeluxe_10,2024-07-10,29.8504544,-97.9609079,TX,South,San Marcos,78666,young,12420,"Austin-Round Rock, TX",88489eb715fffff
sudstop_1,2024-03-21,27.448146,-82.533542,FL,South,Bradenton,34203,young,35840,"North Port-Sarasota-Bradenton, FL",88441e621bfffff
sudstop_10,2024-06-27,32.3830288,-86.207026,AL,South,Montgomery,36117,young,33860,"Montgomery, AL",8844eeb4d5fffff
sudstop_3,2024-04-29,33.9357467,-84.1847587,GA,South,Norcross,30071,young,12060,"Atlanta-Sandy Springs-Roswell, GA",8844c1381bfffff
sudstop_4,2024-09-10,34.922906,-81.978752,SC,South,Spartanburg,29301,young,43900,"Spartanburg, SC",8844dd4835fffff
sudstop_6,2024-05-22,34.8309749,-86.5712452,AL,South,Meridianville,35759,young,26620,"Huntsville, AL",882649ae59fffff
sudstop_8,2024-06-06,30.2307399,-85.8916138,FL,South,Panama City Beach,32413,young,37460,"Panama City, FL",8844e50b17fffff
sudstop_9,2024-07-18,30.683075,-86.123384,FL,South,DeFuniak Springs,32435,young,18880,"Crestview-Fort Walton Beach-Destin, FL",8844e528adfffff
texaspridecarwash_1,2024-03-12,32.6977577,-96.4538761,TX,South,Heartland,75126,young,19100,"Dallas-Fort Worth-Arlington, TX",8826cb96cbfffff
thoroughbred_19,2024-02-23,38.7751801,-85.4066432,IN,Midwest,Madison,47250,young,31500,"Madison, IN",88266cad85fffff
thoroughbred_20,2024-02-21,45.665691,-118.809255,OR,West,Pendleton,97801,young,25840,"Hermiston-Pendleton, OR",88288c7493fffff
thoroughbred_21,2024-03-19,38.9874878,-85.6113892,IN,Midwest,North Vernon,47265,young,35860,"North Vernon, IN",88266c14a1fffff
thoroughbred_23,2024-08-28,39.5206509,-85.7566336,IN,Midwest,Shelbyville,46176,young,26900,"Indianapolis-Carmel-Anderson, IN",882a926c3bfffff
thoroughbred_24,2024-06-19,46.584069,-120.595448,WA,West,Yakima,98908,young,49420,"Yakima, WA",882889a34dfffff
thoroughbred_25,2024-07-02,46.56265,-120.493242,WA,West,Union Gap,98903,young,49420,"Yakima, WA",882889ba37fffff
thoroughbred_27,2024-11-19,38.33967,-82.9436302,KY,South,Grayson,41143,young,26580,"Huntington-Ashland, WV-KY-OH (nearest)",882a9ea2e9fffff
thoroughbred_28,2024-11-06,43.223406,-123.347571,OR,West,Roseburg,97470,young,40700,"Roseburg, OR",8828187903fffff
tigerwash_1,2024-03-12,38.0359448,-78.4611265,VA,South,Charlottesville,22901,young,16820,"Charlottesville, VA",882a8c10a1fffff
tigerwash_3,2024-09-10,38.2328398,-78.3700792,VA,South,Ruckersville,22968,young,16820,"Charlottesville, VA",882a8c8847fffff
tiptopcarwash_1,2024-10-08,39.9180602,-85.3836432,IN,Midwest,New Castle,47362,young,35220,"New Castle, IN",882a92019bfffff
titusexpress_1,2024-08-12,29.3242967,-96.0975585,TX,South,Wharton,77488,young,20900,"El Campo, TX",8848930835fffff
trushine_8,2024-05-22,36.2926787,-82.4990219,TN,South,Jonesborough,37659,young,27740,"Johnson City, TN",8844d922b5fffff
tsunamicarwash_10,2024-01-25,42.988654,-88.232968,WI,Midwest,Waukesha,53189,young,33340,"Milwaukee-Waukesha-West Allis, WI",88275d6089fffff
tsunamicarwash_11,2024-06-04,40.4681661,-86.956573,IN,Midwest,West Lafayette,47906,young,29200,"Lafayette-West Lafayette, IN",882660b497fffff
tsunamicarwash_12,2024-05-13,45.119113,-93.262852,MN,Midwest,Spring Lake Park,55432,young,33460,"Minneapolis-St. Paul-Bloomington, MN-WI",88275278bdfffff
tsunamicarwash_13,2024-04-30,45.021885,-93.171377,MN,Midwest,Roseville,55113,young,33460,"Minneapolis-St. Paul-Bloomington, MN-WI",8827526187fffff
tsunamicarwash_16,2024-07-23,43.090759,-87.978454,WI,Midwest,Milwaukee,53216,young,33340,"Milwaukee-Waukesha-West Allis, WI",88275d761bfffff
unclecharlies_1,2024-04-01,34.184053,-84.1454499,GA,South,Cumming,30041,young,12060,"Atlanta-Sandy Springs-Roswell, GA",8844ce921bfffff
unrivaledcarwash_1,2024-09-15,38.29612,-85.55558,KY,South,Louisville,40241,young,31140,"Louisville/Jefferson County, KY-IN",88266d4a3bfffff
vibecarwash_4,2024-07-11,32.962663,-96.737539,TX,South,Richardson,75080,young,19100,"Dallas-Fort Worth-Arlington, TX",8826c82941fffff
vibecarwash_5,2024-08-06,32.93957,-96.753698,TX,South,Dallas,75240,young,19100,"Dallas-Fort Worth-Arlington, TX",8826c82929fffff
wash37135_5,2024-08-13,35.5685802,-88.8154247,TN,South,Jackson,38301,young,27180,"Jackson, TN",88264ab105fffff
washrite_10,2024-09-04,39.334405,-82.051496,OH,Midwest,Athens,45071,young,11900,"Athens, OH",882a827a3bfffff
washrite_9,2024-02-05,40.3930566,-80.5484624,WV,South,Weirton,26062,young,48260,"Weirton-Steubenville, WV-OH",882a86a311fffff
whitecap_3,2024-06-26,34.0150238,-84.5553181,GA,South,Marietta,30066,young,12060,"Atlanta-Sandy Springs-Roswell, GA",8844ccd9a7fffff
whitecap_4,2024-07-24,34.00494,-83.908725,GA,South,Dacula,30019,young,12060,"Atlanta-Sandy Springs-Roswell, GA",8844c1629dfffff
whitecap_5,2024-08-05,33.531277,-86.718864,AL,South,Birmingham,35210,young,13820,"Birmingham-Hoover, AL",8844e822b3fffff
whitecap_6,2024-09-09,36.0381391,-75.6759189,NC,South,Kill Devil Hills,27948,young,28620,"Kill Devil Hills, NC",882af02a31fffff
woodies_20,2024-07-02,27.8535652,-82.2303191,FL,South,Lithia,33547,young,45300,"Tampa-St. Petersburg-Clearwater, FL",88441ac037fffff
zipsexpresscarwash_20,2024-11-13,32.8080078,-96.7747821,TX,South,Dallas,75206,young,19100,"Dallas-Fort Worth-Arlington, TX",8826c86493fffff
zipsexpresscarwash_21,2024-11-07,32.823422,-96.818473,TX,South,Dallas,75209,young,19100,"Dallas-Fort Worth-Arlington, TX",8826c864abfffff
zipsexpresscarwash_22,2024-11-05,33.1777155,-96.8646649,TX,South,Frisco,75033,young,19100,"Dallas-Fort Worth-Arlington, TX",8826c80d31fffff
zipsexpresscarwash_23,2024-11-12,33.0608951,-96.8854686,TX,South,Lewisville,75056,young,19100,"Dallas-Fort Worth-Arlington, TX",8826c87541fffff
zoomexpresscarwash_1,2024-10-26,28.644164,-81.354334,FL,South,Maitland,32751,young,36740,"Orlando-Kissimmee-Sanford, FL",8844a90eb3fffff
alohacarwash2_1,2022-10-01,47.7553858,-122.1660315,WA,West,Woodinville,98072,mature,42660,"Seattle-Tacoma-Bellevue, WA",8828d548dbfffff
alohacarwash2_2,2022-10-01,47.835968,-122.212199,WA,West,Bothell,98012,mature,42660,"Seattle-Tacoma-Bellevue, WA",8828d54de1fffff
alohacarwash_1,2021-06-08,34.0854544,-84.1606903,GA,South,Suwanee,30024,mature,12060,"Atlanta-Sandy Springs-Roswell, GA",8844c12aa7fffff
alpinewash_1,2018-12-19,32.964135,-96.992945,TX,South,Coppell,75019,mature,19100,"Dallas-Fort Worth-Arlington, TX",8826c8603bfffff
altontowncenter_1,2023-05-24,26.8824789,-80.1134695,FL,South,Palm Beach Gardens,33418,mature,33100,"Miami-Fort Lauderdale-West Palm Beach, FL",8844aeb8edfffff
americanpride_1,2020-06-15,35.68325647936693,-78.52959606447831,NC,South,Garner,27529,mature,39580,"Raleigh, NC",882ad68341fffff
americanpride_3,2021-10-01,35.5193931,-78.3147131,NC,South,Smithfield,27577,mature,39580,"Raleigh, NC",882ad44923fffff
americanpride_4,2021-04-27,35.902101,-78.653225,NC,South,Raleigh,27615,mature,39580,"Raleigh, NC",882a8960b1fffff
americanpride_5,2022-10-11,35.7978173,-78.5746952,NC,South,Raleigh,27610,mature,39580,"Raleigh, NC",882ad69a4dfffff
aquabluecarwash_1,2020-11-12,34.076345,-84.060437,GA,South,Sugar Hill,30518,mature,12060,"Atlanta-Sandy Springs-Roswell, GA",8844c12915fffff
aquabluecarwash_3,2023-06-15,33.9686484,-84.0368782,GA,South,Lawrenceville,30043,mature,12060,"Atlanta-Sandy Springs-Roswell, GA",8844c176a3fffff
aquabreezecarwash_1,2022-12-14,34.197314,-84.791942,GA,South,Cartersville,30120,mature,12060,"Atlanta-Sandy Springs-Roswell, GA",8844ccc535fffff
aquabubblecarwash_1,2018-02-21,34.166594,-84.177567,GA,South,Cumming,30040,mature,12060,"Atlanta-Sandy Springs-Roswell, GA",8844c12d0dfffff
aquashineexpress_1,2021-07-13,34.8289027,-82.3697121,SC,South,Greenville,29607,mature,24860,"Greenville-Anderson-Mauldin, SC",8844dd56e5fffff
arcowash_1,2021-06-23,44.9835651,-122.9839152,OR,West,Salem,97305,mature,41420,"Salem, OR",8828f42d8bfffff
atlanticcitycarwash_1,2021-12-02,39.352355,-74.456205,NJ,Northeast,Atlantic City,8401,mature,12100,"Atlantic City-Hammonton, NJ",882a132cb5fffff
atlanticexpress_1,2021-03-08,33.9653475,-118.1864171,CA,West,Cudahy,90201,mature,31080,"Los Angeles-Long Beach-Anaheim, CA",8829a56d3dfffff
autobahnautocarecenter_1,2022-02-09,46.2126739,-119.1737419,WA,West,Kennewick,99336,mature,28420,"Kennewick-Richland, WA",882888b883fffff
autobahnautocarecenter_3,2022-11-04,46.2830888,-119.2747996,WA,West,Richland,99352,mature,28420,"Kennewick-Richland, WA",882888a181fffff
autobriteexpress_1,2022-04-20,36.3328857,-78.4411011,NC,South,Henderson,27536,mature,25780,"Henderson, NC",882a891831fffff
autosoak_1,2022-11-09,38.788935,-94.926749,KS,Midwest,Gardner,66030,mature,28140,"Kansas City, MO-KS",8826566919fffff
autosportcarwash_1,2022-09-14,32.549686,-84.9331819,GA,South,Columbus,31909,mature,17980,"Columbus, GA-AL",8844c5b767fffff
autowashexpress_1,2010-03-11,39.6917582,-105.0812664,CO,West,Lakewood,80232,mature,19740,"Denver-Aurora-Lakewood, CO",88268cd9d5fffff
bamboocarwash_1,2019-05-07,34.349355,-84.050752,GA,South,Dawsonville,30534,mature,12060,"Atlanta-Sandy Springs-Roswell, GA",8844ce8043fffff
beachbumexpress_1,2022-08-05,33.0873621,-117.268458,CA,West,Carlsbad,92009,mature,41740,"San Diego-Carlsbad, CA",8829a47609fffff
bellastonecarwash_1,2023-05-09,31.0377698,-97.3915198,TX,South,Temple,76502,mature,28660,"Killeen-Temple, TX",88489a1689fffff
bigkahunacarwash_1,2018-06-12,37.2944489,-83.1976694,KY,South,Hazard,41701,mature,NON_CBSA_KY,Non-CBSA KY,882a986827fffff
bigpeachcarwash_1,2021-05-20,33.0390694,-83.9384721,GA,South,Forsyth,31029,mature,31420,"Macon-Bibb County, GA",8844c569d7fffff
bigpeachcarwash_3,2022-11-07,33.2948312,-83.9602158,GA,South,Jackson,30233,mature,12060,"Atlanta-Sandy Springs-Roswell, GA",8844c1c2d3fffff
bigpeachcarwash_5,2023-07-05,33.4369061,-84.0353399,GA,South,McDonough,30252,mature,12060,"Atlanta-Sandy Springs-Roswell, GA",8844c1c4c3fffff
bigpeachcarwash_7,2023-08-10,33.6374352,-84.0186611,GA,South,Conyers,30013,mature,12060,"Atlanta-Sandy Springs-Roswell, GA",8844c10143fffff
bluecowcarwash_1,2019-11-12,48.2193245,-114.3297656,MT,West,Kalispell,59901,mature,28060,"Kalispell, MT",88289b7129fffff
blueiguana_1,2021-09-08,37.2116947,-93.3459477,MO,Midwest,Springfield,65802,mature,44180,"Springfield, MO",8826533149fffff
blueiguana_3,2022-03-02,37.181398,-93.2651978,MO,Midwest,Springfield,65804,mature,44180,"Springfield, MO",8826533057fffff
blueiguana_4,2022-10-19,37.2394114,-93.2540638,MO,Midwest,Springfield,65803,mature,44180,"Springfield, MO",882653320dfffff
blueiguana_5,2022-10-19,37.1351509,-93.2720378,MO,Midwest,Springfield,65804,mature,44180,"Springfield, MO",88265330e7fffff
blueiguana_6,2023-01-10,37.2414463,-93.3043131,MO,Midwest,Springfield,65803,mature,44180,"Springfield, MO",8826533355fffff
blueiguana_7,2023-06-01,37.157141,-93.296531,MO,Midwest,Springfield,65807,mature,44180,"Springfield, MO",8826533035fffff
bluepenguincarwash_1,2022-03-18,33.751734,-84.726808,GA,South,Douglasville,30134,mature,12060,"Atlanta-Sandy Springs-Roswell, GA",8844c1a659fffff
bluepenguincarwash_2,2022-03-23,33.273799,-84.291788,GA,South,Griffin,30223,mature,12060,"Atlanta-Sandy Springs-Roswell, GA",8844c18307fffff
bluepenguincarwash_3,2022-03-10,33.970437,-84.487696,GA,South,Marietta,30062,mature,12060,"Atlanta-Sandy Springs-Roswell, GA",8844c13633fffff
blueskyenglewood_1,2022-08-30,39.649041,-104.9873961,CO,West,Englewood,80113,mature,19740,"Denver-Aurora-Lakewood, CO",88268cc16bfffff
blupalmexpress_1,2020-11-12,27.2288441,-82.4938241,FL,South,Sarasota,34238,mature,35840,"North Port-Sarasota-Bradenton, FL",88441e09adfffff
bocabestcarwash_1,2018-10-25,26.408359,-80.14692,FL,South,Boca Raton,33496,mature,33100,"Miami-Fort Lauderdale-West Palm Beach, FL",8844a12d2dfffff
brickyardcarwash_1,2019-11-18,26.273895,-81.6831699,FL,South,Naples,34120,mature,34940,"Naples-Immokalee-Marco Island, FL",8844135607fffff
brookhurstexpresscarwash_1,2020-07-31,33.7506512,-117.9550813,CA,West,Westminster,92683,mature,31080,"Los Angeles-Long Beach-Anaheim, CA",8829a0b63bfffff
bubbasexpresscarwash_1,2020-01-08,38.021682,-121.294201,CA,West,Stockton,95210,mature,44700,"Stockton-Lodi, CA",8828362067fffff
bubbledown_1,2021-12-09,28.0909696,-82.4509904,FL,South,Tampa,33613,mature,45300,"Tampa-St. Petersburg-Clearwater, FL",88441a11d7fffff
bubbledown_4,2023-06-12,27.7919407,-82.3297342,FL,South,Riverview,33579,mature,45300,"Tampa-St. Petersburg-Clearwater, FL",88441ad539fffff
buckeyecarwash_1,2025-03-19,40.051965,-83.050599,OH,Midwest,COLUMBUS,43220,mature,18140,"Columbus, OH",882a956a6dfffff
buffitautowash_1,2019-05-29,34.923444,-95.751562,OK,South,McAlester,74501,mature,32540,"McAlester, OK",8826eb4259fffff
buffitautowash_2,2022-01-17,35.8968023,-94.9853013,OK,South,Tahlequah,74464,mature,45140,"Tahlequah, OK",8826e80707fffff
buggybath_1,2017-11-09,39.5000663,-119.8009674,NV,West,Reno,89502,mature,39900,"Reno, NV",8829890199fffff
bulldogcarwash_1,2020-08-11,33.94529,-83.439461,GA,South,Athens,30606,mature,12020,"Athens-Clarke County, GA",8844c3a289fffff
cadillacexpresscarwash_1,2018-06-23,29.9284715,-95.505284,TX,South,Houston,77086,mature,26420,"Houston-The Woodlands-Sugar Land, TX",88446c3713fffff
cadillacexpresscarwash_3,2020-10-28,29.87038,-95.395886,TX,South,Houston,77076,mature,26420,"Houston-The Woodlands-Sugar Land, TX",88446c301bfffff
cadillacexpresscarwash_6,2022-04-14,29.8088545,-95.5012977,TX,South,Houston,77055,mature,26420,"Houston-The Woodlands-Sugar Land, TX",88446cac25fffff
cadillacexpresscarwash_7,2023-07-19,29.653275,-95.355952,TX,South,Houston,77051,mature,26420,"Houston-The Woodlands-Sugar Land, TX",88446cab39fffff
cajunclean_2,2021-08-11,30.39024,-88.6455782,MS,South,Gautier,39553,mature,25060,"Gulfport-Biloxi-Pascagoula, MS",8844554825fffff
cantonautowash_1,2023-08-02,42.2707338,-83.4855545,MI,Midwest,Canton,48188,mature,19820,"Detroit-Warren-Dearborn, MI",882ab25187fffff
capitolcarwash_1,2023-01-19,44.3820707,-100.3068355,SD,Midwest,Pierre,57501,mature,38180,"Pierre, SD",8826336863fffff
carismacarwash_1,2020-02-10,30.8938017,-102.9064197,TX,South,Fort Stockton,79735,mature,NON_CBSA_TX,Non-CBSA TX,884889c631fffff
carmelcarwash_2,2016-11-18,33.1754141,-96.8359488,TX,South,Frisco,75034,mature,19100,"Dallas-Fort Worth-Arlington, TX",8826c80de9fffff
carmelcarwash_3,2017-08-01,32.9123742,-96.4503961,TX,South,Rockwall,75087,mature,19100,"Dallas-Fort Worth-Arlington, TX",8826c820b7fffff
carmelcarwash_4,2017-07-22,32.8293748,-96.7083993,TX,South,Dallas,75218,mature,19100,"Dallas-Fort Worth-Arlington, TX",8826cb9357fffff
carrollcleancarwash_1,2023-02-06,39.4188261,-76.8088723,MD,South,Owings Mills,21117,mature,12580,"Baltimore-Columbia-Towson, MD",882aa8d8e5fffff
carwashcafe_1,2022-04-15,26.163809,-80.256351,FL,South,Sunrise,33322,mature,33100,"Miami-Fort Lauderdale-West Palm Beach, FL",8844a131adfffff
carwashpalace_1,2019-05-22,26.287889,-80.283088,FL,South,Coral Springs,33067,mature,33100,"Miami-Fort Lauderdale-West Palm Beach, FL",8844a12017fffff
centurycarwash_1,2020-06-16,35.543434,-89.663313,TN,South,Covington,38019,mature,32820,"Memphis, TN-MS-AR",88264a5093fffff
centurycarwash_2,2020-09-09,34.933066,-90.009197,MS,South,Southaven,38671,mature,32820,"Memphis, TN-MS-AR",882659acc5fffff
centurycarwash_4,2021-07-21,34.963159,-90.0195839,MS,South,Horn Lake,38637,mature,32820,"Memphis, TN-MS-AR",882659ac57fffff
centurycarwash_5,2022-01-27,35.0491648,-89.8282628,TN,South,Memphis,38125,mature,32820,"Memphis, TN-MS-AR",882659a603fffff
centurycarwash_6,2022-07-11,34.6196361,-89.9559439,MS,South,Senatobia,38668,mature,32820,"Memphis, TN-MS-AR",88445bad97fffff
centurycarwash_7,2023-04-12,35.167333,-90.197093,AR,South,West Memphis,72301,mature,32820,"Memphis, TN-MS-AR",882659b9abfffff
centurycarwash_8,2023-09-14,34.820948,-89.971472,MS,South,Hernando,38632,mature,32820,"Memphis, TN-MS-AR",88445b261bfffff
chagrinautospa_1,2014-11-05,41.413954,-81.344731,OH,Midwest,Chagrin Falls,44023,mature,17460,"Cleveland-Elyria, OH",882ab149b9fffff
championcw_1,2018-08-15,36.25656,-86.655657,TN,South,Old Hickory,37138,mature,34980,"Nashville-Davidson--Murfreesboro--Franklin, TN",88264d8f65fffff
championcw_10,2021-06-28,36.268287,-86.755473,TN,South,Nashville,37207,mature,34980,"Nashville-Davidson--Murfreesboro--Franklin, TN",88264d89c1fffff
championcw_2,2018-09-17,36.3084443,-86.6632135,TN,South,Hendersonville,37075,mature,34980,"Nashville-Davidson--Murfreesboro--Franklin, TN",88264d8aebfffff
championcw_3,2018-09-19,36.3978081,-87.03053,TN,South,Pleasant View,37146,mature,34980,"Nashville-Davidson--Murfreesboro--Franklin, TN",88264dc041fffff
championcw_9,2021-06-29,36.318523,-86.625336,TN,South,Hendersonville,37075,mature,34980,"Nashville-Davidson--Murfreesboro--Franklin, TN",88264d8131fffff
championscarwash_1,2018-02-27,29.641949,-98.4826932,TX,South,San Antonio,78258,mature,41700,"San Antonio-New Braunfels, TX",88489c0f09fffff
champscarwash_1,2021-04-06,35.302211,-97.724981,OK,South,Tuttle,73089,mature,36420,"Oklahoma City, OK",8826c11a83fffff
chandicarwash_1,2020-10-08,37.4759997,-120.8493861,CA,West,Turlock,95380,mature,33700,"Modesto, CA",882836c6c7fffff
chemicalguyscarwash_1,2023-08-01,33.8383155,-118.0637451,CA,West,Lakewood,90715,mature,31080,"Los Angeles-Long Beach-Anaheim, CA",8829a56b17fffff
circlek_1,2018-01-16,37.149819896819245,-84.51972930333592,KY,South,Somerset,42501,mature,43700,"Somerset, KY",882a9a682bfffff
circlek_2,2022-08-02,37.05817,-84.646174,KY,South,Somerset,42503,mature,43700,"Somerset, KY",882669a495fffff
circlek_3,2023-08-07,37.101642,-84.589963,KY,South,Somerset,42503,mature,43700,"Somerset, KY",882669a69bfffff
classicautowash_1,2022-02-01,43.0191767,-74.3622743,NY,Northeast,Johnstown,12095,mature,24100,"Gloversville, NY",882b8824d1fffff
classictouchcarwash_1,2022-05-26,36.1420421,-80.2980532,NC,South,Winston-Salem,27106,mature,49180,"Winston-Salem, NC",882a8b4897fffff
classieexpresscarwash_1,2023-05-29,38.244717,-85.745071,KY,South,Louisville,40202,mature,31140,"Louisville/Jefferson County, KY-IN",88266886adfffff
clean_2,2023-06-01,30.718925,-95.567665,TX,South,Huntsville,77320,mature,26660,"Huntsville, TX",884468b419fffff
cleancarwash_1,2022-12-13,26.385582,-80.076998,FL,South,Boca Raton,33431,mature,33100,"Miami-Fort Lauderdale-West Palm Beach, FL",8844ae935dfffff
cleanwave_1,2020-11-24,33.802671,-118.072959,CA,West,Los Alamitos,90720,mature,31080,"Los Angeles-Long Beach-Anaheim, CA",8829a56b51fffff
cleanwheels_1,2019-08-29,41.146906,-104.7615859,WY,West,Cheyenne,82001,mature,16940,"Cheyenne, WY",8826ae798dfffff
clostercarwash_1,2015-12-02,40.9742853,-73.9592767,NJ,Northeast,Closter,7624,mature,35620,"New York-Newark-Jersey City, NY-NJ-PA",882a1019e9fffff
coastalcarwash_1,2018-11-08,33.429578,-79.148296,SC,South,Pawleys Island,29585,mature,23860,"Georgetown, SC",882ad36867fffff
coastalcarwash_3,2018-11-27,33.429578,-79.148296,SC,South,Pawleys Island,29585,mature,23860,"Georgetown, SC",882ad36867fffff
colonialcarwash_1,2022-08-22,26.616341,-81.773508,FL,South,Fort Myers,33913,mature,15980,"Cape Coral-Fort Myers, FL",88441370d1fffff
colonialcarwash_3,2023-08-17,34.9032573,-82.3325126,SC,South,Taylors,29687,mature,24860,"Greenville-Anderson-Mauldin, SC",8844dd54a7fffff
colonialcarwash_4,2023-08-18,34.935384,-82.276331,SC,South,Taylors,29687,mature,24860,"Greenville-Anderson-Mauldin, SC",8844dd4757fffff
colonialcarwash_6,2023-08-25,34.8218738,-82.2836692,SC,South,Greenville,29607,mature,24860,"Greenville-Anderson-Mauldin, SC",8844dd555dfffff
completeautodetail&carwash_1,2019-07-24,30.2738504,-97.7629511,TX,South,Austin,78703,mature,12420,"Austin-Round Rock, TX",88489e3401fffff
controlstrainingclassroom_1,2021-12-02,26.2032716,-80.2856211,FL,South,Tamarac,33321,mature,33100,"Miami-Fort Lauderdale-West Palm Beach, FL",8844a12265fffff
coolcleancarwash_1,2020-05-08,26.351366,-80.111127,FL,South,Boca Raton,33486,mature,33100,"Miami-Fort Lauderdale-West Palm Beach, FL",8844a129d3fffff
coralspringsclassiccarwash_1,2018-11-09,26.286774,-80.267906,FL,South,Coral Springs,33076,mature,33100,"Miami-Fort Lauderdale-West Palm Beach, FL",8844a12031fffff
crystalcleanautospa_1,2023-03-29,32.54401291234568,-83.57383508395063,GA,South,Bonaire,31005,mature,47580,"Warner Robins, GA",8844c095e3fffff
davidchevrolet_1,2015-05-15,43.0989663,-78.9427369,NY,Northeast,Niagara Falls,14304,mature,15380,"Buffalo-Cheektowaga-Niagara Falls, NY",882b9b32dbfffff
daybreak_1,2021-10-05,27.0163457,-82.1333483,FL,South,Port Charlotte,33948,mature,39460,"Punta Gorda, FL",88441e5911fffff
detricks_4,2023-01-23,33.7547889,-78.9634199,SC,South,Myrtle Beach,29579,mature,34820,"Myrtle Beach-Conway-North Myrtle Beach, SC-NC",882ad3559dfffff
dinodashwash_1,2023-02-15,37.11841,-113.624152,UT,West,St. George,84770,mature,41100,"St. George, UT",8829957619fffff
dinodashwash_2,2023-02-15,37.098934,-113.538413,UT,West,St. George,84790,mature,41100,"St. George, UT",8829950db7fffff
dixhillcarwashnew_1,2022-10-21,40.832417,-73.36119,NY,Northeast,Huntington,11743,mature,35620,"New York-Newark-Jersey City, NY-NJ-PA",882a10b8e1fffff
dripautospa_1,2023-09-05,41.550137,-87.470934,IN,Midwest,Highland,46322,mature,16980,"Chicago-Naperville-Elgin, IL-IN-WI",8826640a17fffff
dripcarwash_1,2023-08-01,42.7887226,-83.7444529,MI,Midwest,Fenton,48430,mature,22420,"Flint, MI",88274d04e9fffff
drivethruexpress_1,2023-07-13,33.8393559,-117.9755835,CA,West,Anaheim,92801,mature,31080,"Los Angeles-Long Beach-Anaheim, CA",8829a0b487fffff
edgeexpress_1,2022-04-12,38.582517,-77.3106235,VA,South,Dumfries,22026,mature,47900,"Washington-Arlington-Alexandria, DC-VA-MD-WV",882aaaa4b3fffff
edgeexpress_2,2022-04-12,35.274668,-81.527088,NC,South,Shelby,28152,mature,43140,"Shelby, NC",8844d805ebfffff
edgeexpress_4,2022-12-22,35.27286,-81.5051329,NC,South,Shelby,28152,mature,43140,"Shelby, NC",8844d805e5fffff
edgeexpress_5,2023-03-22,35.6092787,-78.5489487,NC,South,Garner,27529,mature,39580,"Raleigh, NC",882ad68023fffff
edgeexpress_6,2023-05-17,35.819564,-78.844282,NC,South,Morrisville,27560,mature,39580,"Raleigh, NC",882ad6d2d5fffff
edgeexpress_8,2023-07-05,38.4700052,-77.4534223,VA,South,Stafford,22554,mature,47900,"Washington-Arlington-Alexandria, DC-VA-MD-WV",882aabd997fffff
elksedge_1,2023-03-17,36.278909,-80.8335509,NC,South,Elkin,28621,mature,34340,"Mount Airy, NC",8844db7443fffff
encinitascarwash_1,2019-08-07,33.053915,-117.261008,CA,West,Encinitas,92024,mature,41740,"San Diego-Carlsbad, CA",8829a40ca7fffff
encinocarwash_1,2023-02-15,34.1611154,-118.5126372,CA,West,Los Angeles,91316,mature,31080,"Los Angeles-Long Beach-Anaheim, CA",8829a18a81fffff
englewoodcarwash_1,2012-05-18,26.9573955,-82.3525042,FL,South,Englewood,34223,mature,35840,"North Port-Sarasota-Bradenton, FL",88441e5059fffff
evanstoncarwash_1,2022-08-12,42.0406899,-87.7078383,IL,Midwest,Evanston,60202,mature,16980,"Chicago-Naperville-Elgin, IL-IN-WI",882664d80dfffff
evergreencarwash_1,2008-08-29,37.313525,-121.791816,CA,West,San Jose,95135,mature,41940,"San Jose-Sunnyvale-Santa Clara, CA",88283445cbfffff
expressonvaughn_1,2023-08-03,32.339033,-86.196846,AL,South,Montgomery,36116,mature,33860,"Montgomery, AL",8844eeb6adfffff
expresswash_1,2022-06-06,27.9663375,-81.964639,FL,South,Lakeland,33813,mature,29460,"Lakeland-Winter Haven, FL",8844ad249dfffff
expresswash_3,2023-04-26,28.280824,-81.344287,FL,South,Kissimmee,34744,mature,36740,"Orlando-Kissimmee-Sanford, FL",8844a91335fffff
expresswash_4,2023-08-15,28.697175,-81.352502,FL,South,Longwood,32750,mature,36740,"Orlando-Kissimmee-Sanford, FL",8844a93945fffff
expressway55_1,2010-03-01,40.80559,-73.233327,NY,Northeast,Brentwood,11717,mature,35620,"New York-Newark-Jersey City, NY-NJ-PA",882a10a359fffff
extremeexpress_1,2018-07-23,37.3245209,-121.9008608,CA,West,San Jose,95126,mature,41940,"San Jose-Sunnyvale-Santa Clara, CA",8828347327fffff
fastlaneexpresscarwash_1,2013-11-27,38.0870386,-97.9110651,KS,Midwest,Hutchinson,67502,mature,26740,"Hutchinson, KS",8826e2a1e1fffff
fastlapcarwash_1,2020-06-03,33.49283,-112.16948,AZ,West,Phoenix,85031,mature,38060,"Phoenix-Mesa-Scottsdale, AZ",8829b6d285fffff
fastpasscarwash_1,2020-02-06,34.6482864,-120.4571269,CA,West,Lompoc,93436,mature,42200,"Santa Maria-Santa Barbara, CA",88291345bdfffff
fasttrac_1,2022-06-06,33.7904146,-84.6218277,GA,South,Austell,30168,mature,12060,"Atlanta-Sandy Springs-Roswell, GA",8844c1a559fffff
finenshine_1,2020-02-06,33.577615,-96.1923883,TX,South,Bonham,75418,mature,14300,"Bonham, TX",8826c8b207fffff
finzcarwash_1,2023-02-20,26.3944943,-80.1161383,FL,South,Boca Raton,33431,mature,33100,"Miami-Fort Lauderdale-West Palm Beach, FL",8844ae9209fffff
firehosecarwash_1,2020-09-30,43.4827819,-112.009258,ID,West,Idaho Falls,83404,mature,26820,"Idaho Falls, ID",8828949957fffff
fivestar_5,2021-10-05,35.808558,-80.876473,NC,South,Statesville,28625,mature,16740,"Charlotte-Concord-Gastonia, NC-SC",8844dbc5cdfffff
fivestar_6,2022-04-28,36.037959,-79.855512,NC,South,Greensboro,27407,mature,24660,"Greensboro-High Point, NC",882a8b7201fffff
fivestar_7,2023-02-21,36.203392,-81.666641,NC,South,Boone,28607,mature,14380,"Boone, NC",8844d96923fffff
flawlessautobathinc_1,2015-10-14,40.6327819,-74.137557,NY,Northeast,STATEN ISLAND,10302,mature,35620,"New York-Newark-Jersey City, NY-NJ-PA",882a10620dfffff
foamworksexpress_10,2023-08-29,31.962575,-83.7616859,GA,South,Cordele,31015,mature,18380,"Cordele, GA",8844c4a983fffff
foamworksexpress_3,2022-02-02,32.74461,-83.725474,GA,South,Macon,31216,mature,31420,"Macon-Bibb County, GA",8844c0b04bfffff
foamworksexpress_6,2022-07-19,31.206045,-81.482207,GA,South,Brunswick,31525,mature,15260,"Brunswick, GA",8844f31aabfffff
foamworksexpress_7,2023-06-01,32.8403175,-83.6252419,GA,South,Macon,31201,mature,31420,"Macon-Bibb County, GA",8844c0a36bfffff
foamworksexpress_8,2023-01-31,33.794396,-84.6335,GA,South,Lithia Springs,30122,mature,12060,"Atlanta-Sandy Springs-Roswell, GA",8844c1a465fffff
foamworksexpress_9,2023-03-07,32.834051,-83.741715,GA,South,Macon,31220,mature,31420,"Macon-Bibb County, GA",8844c0b095fffff
foothillscarwash_1,2022-06-16,33.320461,-111.975791,AZ,West,Phoenix,85044,mature,38060,"Phoenix-Mesa-Scottsdale, AZ",8848ebb4b5fffff
gallocarwash_1,2023-05-16,29.6804967,-82.3392005,FL,South,Gainesville,32609,mature,23540,"Gainesville, FL",8844f420b5fffff
glacierexpress_3,2023-05-02,45.7718269,-108.5772338,MT,West,Billings,59102,mature,13740,"Billings, MT",88279e365bfffff
glocarwash_1,2018-04-17,32.833872,-97.19808,TX,South,Hurst,76053,mature,19100,"Dallas-Fort Worth-Arlington, TX",8826cbd265fffff
glosscarwash_1,2021-09-27,33.8788494,-84.166362,GA,South,Lilburn,30047,mature,12060,"Atlanta-Sandy Springs-Roswell, GA",8844c13a27fffff
gocleancarwash_1,2022-05-03,30.482631,-84.235242,FL,South,Tallahassee,32308,mature,45220,"Tallahassee, FL",8844e29497fffff
gocleancarwash_2,2023-06-08,30.486471,-84.316591,FL,South,Tallahassee,32303,mature,45220,"Tallahassee, FL",8844e04b1bfffff
gocleancarwash_3,2023-01-18,31.8421911,-85.1715473,AL,South,Eufaula,36027,mature,21640,"Eufaula, AL-GA",8844eed861fffff
gocleanpensacola_2,2023-06-21,30.476286,-87.3078559,FL,South,Pensacola,32526,mature,37860,"Pensacola-Ferry Pass-Brent, FL",884452928dfffff
gogreennclean1_1,2017-12-14,39.861559,-75.687217,PA,Northeast,Kennett Square,19348,mature,37980,"Philadelphia-Camden-Wilmington, PA-NJ-DE-MD",882aac1413fffff
googie_1,2019-10-29,33.9663951,-118.0409283,CA,West,Whittier,90602,mature,31080,"Los Angeles-Long Beach-Anaheim, CA",8829a1d347fffff
grandprixcarwash_1,2010-03-11,37.9597076,-122.328985,CA,West,San Pablo,94803,mature,41860,"San Francisco-Oakland-Hayward, CA",8828308c21fffff
greatnorthautowash_1,2021-02-04,45.7723372,-87.082274,MI,Midwest,Escanaba,49829,mature,21540,"Escanaba, MI",882740d599fffff
greenoceancarwash_1,2020-11-19,41.5652456,-70.595585,MA,Northeast,Falmouth,2536,mature,12700,"Barnstable Town, MA",882a316105fffff
grimescene_1,2022-04-18,33.5943118,-102.3733747,TX,South,Levelland,79336,mature,30220,"Levelland, TX",8848d24713fffff
gwatzillacarwash_1,2022-10-06,34.8817635,-92.1096764,AR,South,Jacksonville,72076,mature,30780,"Little Rock-North Little Rock-Conway, AR",88265b555bfffff
h2glocarwash_1,2015-12-10,37.2475037,-80.0346956,VA,South,Cave Spring,24018,mature,40220,"Roanoke, VA",882a8a8219fffff
h2oautospa_1,2013-07-25,40.569618,-74.111064,NY,Northeast,STATEN ISLAND,10306,mature,35620,"New York-Newark-Jersey City, NY-NJ-PA",882a106281fffff
haffners_1,2016-11-17,42.698583,-71.159571,MA,Northeast,Lawrence,1843,mature,14460,"Boston-Cambridge-Newton, MA-NH",882a3046b9fffff
haffners_10,2016-12-27,42.733344,-71.426193,NH,Northeast,Hudson,3051,mature,31700,"Manchester-Nashua, NH",882a304c55fffff
haffners_2,2016-12-08,42.706838,-71.175758,MA,Northeast,Lawrence,1841,mature,14460,"Boston-Cambridge-Newton, MA-NH",882a3046a1fffff
haffners_3,2017-02-01,42.689116,-71.157979,MA,Northeast,Lawrence,1843,mature,14460,"Boston-Cambridge-Newton, MA-NH",882a3046bbfffff
haffners_5,2016-11-12,42.582425,-71.196087,MA,Northeast,Tewksbury,1876,mature,14460,"Boston-Cambridge-Newton, MA-NH",882a3071edfffff
haffners_6,2017-02-01,42.743325,-71.153011,MA,Northeast,Methuen,1844,mature,14460,"Boston-Cambridge-Newton, MA-NH",882a304611fffff
haffners_7,2016-12-08,42.663587,-71.303932,MA,Northeast,Lowell,1850,mature,14460,"Boston-Cambridge-Newton, MA-NH",882a3045b3fffff
haffners_8,2017-02-01,42.81354,-71.102353,MA,Northeast,Haverhill,1830,mature,14460,"Boston-Cambridge-Newton, MA-NH",882a30548dfffff
happycarwash2_1,2022-10-01,44.6628723,-123.1239851,OR,West,Albany,97321,mature,18700,"Corvallis, OR",8828f4370bfffff
havasuexpress_1,2023-05-18,34.4769655,-114.3461931,AZ,West,Lake Havasu City,86403,mature,29420,"Lake Havasu City-Kingman, AZ",8829b0b4a1fffff
heroescarwash_3,2022-01-13,35.4861251,-82.5245317,NC,South,Asheville,28803,mature,11700,"Asheville, NC",8844d99acbfffff
heroescarwash_8,2023-03-02,35.654461,-80.456657,NC,South,Salisbury,28146,mature,16740,"Charlotte-Concord-Gastonia, NC-SC",8844da266dfffff
heroescarwash_9,2023-04-15,35.787114,-78.809254,NC,South,Cary,27513,mature,39580,"Raleigh, NC",882a896db7fffff
hippocarwash_1,2014-09-15,47.711306,-116.79321,ID,West,Coeur d'Alene,83815,mature,17660,"Coeur d'Alene, ID",8812db341dfffff
hitechautocare_1,2018-01-10,18.3682945,-66.0518587,FL,South,San Juan,926,mature,41980,"San Juan-Carolina-Caguas, PR",884cee78adfffff
ikocarwash_1,2022-11-10,26.0657126,-80.259735,FL,South,Davie,33328,mature,33100,"Miami-Fort Lauderdale-West Palm Beach, FL",8844a104d3fffff
imperialcarwash_1,2023-01-24,28.284726,-82.676487,FL,South,New Port Richey,34654,mature,45300,"Tampa-St. Petersburg-Clearwater, FL",88441aa9c9fffff
internationalautospa_1,2021-05-05,27.2700815,-82.4684296,FL,South,Sarasota,34233,mature,35840,"North Port-Sarasota-Bradenton, FL",88441e7367fffff
jammincarwash_1,2019-12-07,28.176909,-82.46477,FL,South,Lutz,33548,mature,45300,"Tampa-St. Petersburg-Clearwater, FL",88441a02edfffff
jcautowash_1,2015-01-19,41.127633,-100.762562,NE,Midwest,North Platte,69101,mature,35820,"North Platte, NE",88261ad219fffff
jetexpresscarwash_1,2021-06-22,37.2137622,-80.3996817,VA,South,Blacksburg,24060,mature,13980,"Blacksburg-Christiansburg-Radford, VA",882a8a8921fffff
jetexpressfranklin_1,2021-05-07,35.158971,-83.392801,NC,South,Franklin,28734,mature,19000,"Cullowhee, NC (nearest)",8844ce6d25fffff
jimmysudscarwash_1,2019-09-27,39.6997085,-105.1109071,CO,West,Lakewood,80226,mature,19740,"Denver-Aurora-Lakewood, CO",88268cd9c5fffff
jjexpresscarwash_1,2022-06-14,32.837714,-109.7352702,AZ,West,Thatcher,85552,mature,40940,"Safford, AZ",8848ea54a5fffff
jjscarwash_1,2018-02-08,29.4864818,-95.2150591,TX,South,Friendswood,77546,mature,26420,"Houston-The Woodlands-Sugar Land, TX",88446c8da5fffff
jjscarwash_3,2018-10-17,29.4890185,-95.161119,TX,South,League City,77573,mature,26420,"Houston-The Woodlands-Sugar Land, TX",88446c12abfffff
jjscarwash_4,2022-10-06,29.445288,-95.084071,TX,South,Dickinson,77539,mature,26420,"Houston-The Woodlands-Sugar Land, TX",88446c1315fffff
julescarwash_1,2016-08-01,27.8810228,-82.327289,FL,South,Riverview,33569,mature,45300,"Tampa-St. Petersburg-Clearwater, FL",88441ac701fffff
julescarwash_2,2018-11-02,27.9378376,-82.2932848,FL,South,Brandon,33511,mature,45300,"Tampa-St. Petersburg-Clearwater, FL",88441ac503fffff
kindcarwash_1,2022-12-05,39.229497,-85.905272,IN,Midwest,Columbus,47201,mature,18020,"Columbus, IN",88266cc5ddfffff
kiwicarwash_1,2022-04-19,27.638106,-80.43679,FL,South,Vero Beach,32966,mature,42680,"Sebastian-Vero Beach, FL",8844a8199dfffff
koalacarwash_1,2018-08-29,33.930623,-83.307606,GA,South,Athens,30605,mature,12020,"Athens-Clarke County, GA",8844c3a109fffff
kuhnsvillecarwash_1,2014-07-22,40.592785,-75.586494,PA,Northeast,Allentown,18104,mature,10900,"Allentown-Bethlehem-Easton, PA-NJ",882a126247fffff
kwikcarwash_1,2015-06-05,37.929019,-84.550586,KY,South,Nicholasville,40356,mature,30460,"Lexington-Fayette, KY",88266d354bfffff
lakesedge_1,2023-03-08,35.58289,-80.988709,NC,South,Sherrills Ford,28673,mature,25860,"Hickory-Lenoir-Morganton, NC",8844d86da1fffff
lathroparcocarwash_1,2020-08-06,37.825928,-121.2203029,CA,West,Manteca,95336,mature,44700,"Stockton-Lodi, CA",88283604dbfffff
laxpresscarwash_1,2017-02-24,40.047034,-76.293284,PA,Northeast,Lancaster,17602,mature,29540,"Lancaster, PA",882aac5725fffff
legacyexpresswash_1,2020-12-18,41.441091,-97.320507,NE,Midwest,Columbus,68601,mature,18100,"Columbus, NE",88261dbad3fffff
lexingtonautospa_1,2010-02-04,38.0418843,-84.46287,KY,South,Lexington,40505,mature,30460,"Lexington-Fayette, KY",88266dac2dfffff
lightningfast_1,2017-07-19,28.955706,-98.492339,TX,South,Pleasanton,78064,mature,41700,"San Antonio-New Braunfels, TX",8848826c19fffff
liquidsunshine_1,2022-11-15,30.224516,-81.552353,FL,South,Jacksonville,32256,mature,27260,"Jacksonville, FL",8844f055cbfffff
localcarwash_1,2017-05-23,39.9362195,-77.6671781,PA,Northeast,Chambersburg,17201,mature,16540,"Chambersburg-Waynesboro, PA",882aae5447fffff
lonestarsudsexpress_2,2023-04-19,33.480078,-101.888225,TX,South,Lubbock,79423,mature,31180,"Lubbock, TX",8826de6807fffff
louisvillehondaworld_1,2010-03-11,38.216972,-85.581459,KY,South,Louisville,40299,mature,31140,"Louisville/Jefferson County, KY-IN",88266d48bdfffff
mach1expresswash_1,2019-06-19,34.0453369,-85.2370699,GA,South,Cedartown,30125,mature,16340,"Cedartown, GA",8844cc826bfffff
mach1expresswash_10,2022-10-13,34.206632,-84.800175,GA,South,Cartersville,30121,mature,12060,"Atlanta-Sandy Springs-Roswell, GA",8844ccc537fffff
mach1expresswash_12,2023-02-08,34.91213,-88.50338,MS,South,Corinth,38834,mature,18420,"Corinth, MS",88264bcec5fffff
mach1expresswash_13,2023-04-19,38.68929,-75.397313,DE,South,Georgetown,19947,mature,41540,"Salisbury, MD-DE",882aad6759fffff
mach1expresswash_15,2023-05-10,34.709848,-86.742591,AL,South,Madison,35758,mature,26620,"Huntsville, AL",88264932bbfffff
mach1expresswash_6,2020-03-13,35.334301,-81.8968819,NC,South,Forest City,28043,mature,22580,"Forest City, NC",8844d8ac5bfffff
mach1expresswash_9,2022-05-26,34.757523,-86.679296,AL,South,Huntsville,35806,mature,26620,"Huntsville, AL",882649ad1bfffff
magicbrush_1,2023-08-15,33.9105334,-117.2733655,CA,West,Moreno Valley,92553,mature,40140,"Riverside-San Bernardino-Ontario, CA",8829a00201fffff
magicbrush_2,2023-06-13,33.715388,-117.179373,CA,West,Menifee,92585,mature,40140,"Riverside-San Bernardino-Ontario, CA",8829a0c699fffff
magicbrush_3,2023-07-17,34.136605,-117.336211,CA,West,San Bernardino,92407,mature,40140,"Riverside-San Bernardino-Ontario, CA",8829a00ebbfffff
magicbrush_4,2023-04-24,33.6795662,-117.8009868,CA,West,Irvine,92604,mature,31080,"Los Angeles-Long Beach-Anaheim, CA",8829a0b2e9fffff
magiccitycarwash_1,2021-11-11,48.2426129,-101.2967849,ND,Midwest,Minot,58703,mature,33500,"Minot, ND",8827a8b491fffff
magnuscarwash_1,2022-08-16,34.181835,-117.342148,CA,West,San Bernardino,92407,mature,40140,"Riverside-San Bernardino-Ontario, CA",8829a03b27fffff
megashine_1,2023-02-16,42.524083,-82.932483,MI,Midwest,Roseville,48066,mature,19820,"Detroit-Warren-Dearborn, MI",882ab2d461fffff
mendhamcarwash_1,2014-11-25,40.7819423,-74.5883127,NJ,Northeast,Mendham,7945,mature,35620,"New York-Newark-Jersey City, NY-NJ-PA",882a12b0d5fffff
mintcarwash_1,2018-12-12,32.997453,-96.848735,TX,South,Dallas,75287,mature,19100,"Dallas-Fort Worth-Arlington, TX",8826c87589fffff
mintexpresscarwash_1,2020-08-18,29.90405,-95.6847899,TX,South,Houston,77095,mature,26420,"Houston-The Woodlands-Sugar Land, TX",88446dd801fffff
mintexpresscarwash_3,2023-05-10,29.8171767,-95.7743788,TX,South,Katy,77449,mature,26420,"Houston-The Woodlands-Sugar Land, TX",88446ca493fffff
misticexpresscarwash_1,2014-08-27,39.659914,-84.110608,OH,Midwest,CENTERVILLE,45440,mature,19380,"Dayton, OH",882a906493fffff
misticexpresscarwash_2,2017-09-29,39.6758215,-83.9407085,OH,Midwest,Xenia,45385,mature,19380,"Dayton, OH",882a939259fffff
misticexpresscarwash_3,2018-07-17,39.8098066,-84.0258578,OH,Midwest,Fairborn,45324,mature,19380,"Dayton, OH",882a902b25fffff
mojoxpresswash_1,2017-11-09,32.5898151,-82.3307688,GA,South,Swainsboro,30401,mature,20140,"Dublin, GA (nearest)",8844c29301fffff
mojoxpresswash_2,2022-11-29,33.1089209,-82.0239966,GA,South,Waynesboro,30830,mature,12260,"Augusta-Richmond County, GA-SC",8844c20157fffff
monkeyshine_1,2015-12-18,27.613834,-99.467364,TX,South,Laredo,78045,mature,29700,"Laredo, TX",884880c84dfffff
monstersexpressllc_1,2020-01-10,27.231477,-80.268222,FL,South,Stuart,34994,mature,38940,"Port St. Lucie, FL",8844a8d83dfffff
mountainedge_1,2023-03-24,36.9599594,-81.0961795,VA,South,Wytheville,24382,mature,14140,"Bluefield, WV-VA (nearest)",882a8a48ddfffff
mountainexpress_1,2023-01-09,35.2980063,-82.4374345,NC,South,Hendersonville,28792,mature,11700,"Asheville, NC",8844dd6729fffff
mountainexpress_2,2022-12-22,35.3457587,-82.4322628,NC,South,Hendersonville,28792,mature,11700,"Asheville, NC",8844dd6555fffff
moyka441_1,2019-05-21,26.096037,-80.201637,FL,South,Davie,33317,mature,33100,"Miami-Fort Lauderdale-West Palm Beach, FL",8844a13a47fffff
moyka441_3,2022-05-25,26.1377151,-80.1862354,FL,South,Fort Lauderdale,33311,mature,33100,"Miami-Fort Lauderdale-West Palm Beach, FL",8844a13a37fffff
mrcleancarwash_1,2021-04-21,33.833447,-83.881198,GA,South,Loganville,30052,mature,12060,"Atlanta-Sandy Springs-Roswell, GA",8844c17055fffff
mrcleancarwash_11,2022-12-12,33.968317,-84.027426,GA,South,Lawrenceville,30043,mature,12060,"Atlanta-Sandy Springs-Roswell, GA",8844c176a7fffff
mrcleancarwash_12,2022-12-16,33.871043,-84.187615,GA,South,Norcross,30093,mature,12060,"Atlanta-Sandy Springs-Roswell, GA",8844c13a05fffff
mrcleancarwash_13,2022-12-16,33.938408,-84.120367,GA,South,Lawrenceville,30044,mature,12060,"Atlanta-Sandy Springs-Roswell, GA",8844c13913fffff
mrcleancarwash_14,2023-05-01,30.1420232,-81.7681602,FL,South,Orange Park,32065,mature,27260,"Jacksonville, FL",8844f01aedfffff
mrcleancarwash_15,2023-08-21,34.2440187,-84.488228,GA,South,Canton,30114,mature,12060,"Atlanta-Sandy Springs-Roswell, GA",8844cc5155fffff
mrcleancarwash_16,2023-07-25,33.989681,-84.2761835,GA,South,Alpharetta,30022,mature,12060,"Atlanta-Sandy Springs-Roswell, GA",8844c12311fffff
mrcleancarwash_3,2021-06-24,28.827798,-81.886524,FL,South,Leesburg,34748,mature,36740,"Orlando-Kissimmee-Sanford, FL",8844f4d89bfffff
mrcleancarwash_4,2021-07-21,34.879433,-83.955529,GA,South,Blairsville,30512,mature,18460,"Cornelia, GA (nearest)",8844ce0497fffff
mrcleancarwash_6,2022-02-02,29.157706,-82.130806,FL,South,Ocala,34471,mature,36100,"Ocala, FL",8844f411b5fffff
mrcleancarwash_9,2022-10-11,34.0306335,-84.4358507,GA,South,Marietta,30062,mature,12060,"Atlanta-Sandy Springs-Roswell, GA",8844c135ddfffff
mrdcarwash_1,2019-10-21,43.3168699,-88.3719371,WI,Midwest,Hartford,53027,mature,33340,"Milwaukee-Waukesha-West Allis, WI",88275d4713fffff
newportautospa_1,2020-07-21,33.627934,-117.932305,CA,West,Newport Beach,92663,mature,31080,"Los Angeles-Long Beach-Anaheim, CA",8829a54c03fffff
nicholasvillecw_1,2008-05-06,37.8913661,-84.5677961,KY,South,Nicholasville,40356,mature,30460,"Lexington-Fayette, KY",88266d353bfffff
norcoautospa_1,2020-10-27,33.897458,-117.564028,CA,West,Norco,92860,mature,40140,"Riverside-San Bernardino-Ontario, CA",8829a0ab59fffff
northportcarwash_1,2018-08-02,27.0437502,-82.2395507,FL,South,North Port,34287,mature,35840,"North Port-Sarasota-Bradenton, FL",88441e436dfffff
oasisautospa_1,2023-04-13,33.149619,-96.68141,TX,South,McKinney,75070,mature,19100,"Dallas-Fort Worth-Arlington, TX",8826c83b01fffff
obxpress_1,2022-10-18,36.0711886,-75.6958011,NC,South,Kitty Hawk,27949,mature,28620,"Kill Devil Hills, NC",882af02b5bfffff
oceanexpress_1,2022-01-12,39.8716138,-105.0244184,CO,West,Federal Heights,80260,mature,19740,"Denver-Aurora-Lakewood, CO",882681a413fffff
oceanstatecarwash_1,2019-09-24,41.719308,-71.443596,RI,Northeast,Warwick,2886,mature,39300,"Providence-Warwick, RI-MA",882a330753fffff
olliewash_1,2019-10-15,37.734484,-87.1208249,KY,South,Owensboro,42301,mature,36980,"Owensboro, KY",88266aaaa1fffff
papabear_1,2021-12-14,34.549285,-82.673258,SC,South,Anderson,29621,mature,24860,"Greenville-Anderson-Mauldin, SC",8844dd8b4dfffff
papabear_3,2022-05-04,34.8260102,-82.5614855,SC,South,Easley,29640,mature,24860,"Greenville-Anderson-Mauldin, SC",8844dd1a83fffff
papabear_4,2023-07-11,34.531945,-82.696336,SC,South,Anderson,29625,mature,24860,"Greenville-Anderson-Mauldin, SC",8844dd9985fffff
paradisefallscarwash_1,2020-02-06,33.8621064,-84.6716166,GA,South,Powder Springs,30127,mature,12060,"Atlanta-Sandy Springs-Roswell, GA",8844c1a4a9fffff
paradisefallscarwash_3,2020-12-10,33.847285,-84.610263,GA,South,Austell,30106,mature,12060,"Atlanta-Sandy Springs-Roswell, GA",8844c1a5e3fffff
pastimeautowash_1,2010-01-02,39.5053902,-121.5444065,CA,West,OROVILLE,95966,mature,17020,"Chico, CA",8828334827fffff
patriotpetroleum_1,2018-11-29,41.560534,-71.285656,RI,Northeast,Portsmouth,2871,mature,39300,"Providence-Warwick, RI-MA",882a333217fffff
pelicanautowash_1,2022-01-31,26.8037459,-80.0554092,FL,South,North Palm Beach,33408,mature,33100,"Miami-Fort Lauderdale-West Palm Beach, FL",8844aebb2dfffff
pelicancarwash_1,2023-08-30,27.8307813,-80.4801545,FL,South,Sebastian,32958,mature,42680,"Sebastian-Vero Beach, FL",8844a80d55fffff
piratescove_1,2023-07-24,35.3392525,-77.9190192,NC,South,Goldsboro,27534,mature,24140,"Goldsboro, NC",882ad444b3fffff
planetoil_1,2022-09-20,42.7323114,-83.3787556,MI,Midwest,Clarkston,48346,mature,19820,"Detroit-Warren-Dearborn, MI",88274dac5dfffff
platinumautospa_1,2019-12-18,45.45947,-98.4551017,SD,Midwest,Aberdeen,57401,mature,10100,"Aberdeen, SD",8826318955fffff
precisionexpresscarwash_1,2017-01-26,32.488615,-95.398186,TX,South,Lindale,75771,mature,46340,"Tyler, TX",8826c93267fffff
prestigeautospa_1,2020-01-17,25.915632,-80.156985,FL,South,North Miami Beach,33160,mature,33100,"Miami-Fort Lauderdale-West Palm Beach, FL",8844a10283fffff
prestigecarwash_1,2020-03-03,38.31443,-85.562454,KY,South,Louisville,40241,mature,31140,"Louisville/Jefferson County, KY-IN",88266d4a07fffff
prestoconyerscarwash_1,2022-08-15,33.657595,-84.002192,GA,South,Conyers,30013,mature,12060,"Atlanta-Sandy Springs-Roswell, GA",8844c1012bfffff
purecarwash_1,2022-12-30,31.242285,-90.479582,MS,South,McComb,39648,mature,32620,"McComb, MS",8844420691fffff
pvcarwash_1,2019-01-24,33.601569,-111.987911,AZ,West,Phoenix,85032,mature,38060,"Phoenix-Mesa-Scottsdale, AZ",8829b6d8cbfffff
quickjetcarwash_1,2021-05-12,35.863275,-83.5279709,TN,South,Sevierville,37862,mature,42940,"Sevierville, TN",8844ca0ed7fffff
quicknclean_1,2021-09-16,36.061543,-95.784887,OK,South,Broken Arrow,74012,mature,46140,"Tulsa, OK",8826e85829fffff
radiantexpresscarwash_3,2020-12-17,28.148142,-81.446066,FL,South,Kissimmee,34759,mature,36740,"Orlando-Kissimmee-Sanford, FL",8844a98a37fffff
radiantexpresscarwash_4,2021-10-12,28.2195769,-82.4571379,FL,South,Land O' Lakes,34639,mature,45300,"Tampa-St. Petersburg-Clearwater, FL",88441a00cdfffff
radiantexpresscarwash_5,2022-04-27,28.530828,-82.511058,FL,South,Spring Hill,34609,mature,45300,"Tampa-St. Petersburg-Clearwater, FL",88441a2a4bfffff
radiantexpresscarwash_6,2022-11-07,27.7731511,-82.3900834,FL,South,Apollo Beach,33572,mature,45300,"Tampa-St. Petersburg-Clearwater, FL",88441ad40dfffff
radiantexpresscarwash_7,2023-08-08,28.2671494,-82.1882908,FL,South,Zephyrhills,33541,mature,45300,"Tampa-St. Petersburg-Clearwater, FL",88441a46d5fffff
rinsemyride_2,2022-11-25,33.654203,-112.06713,AZ,West,Phoenix,85024,mature,38060,"Phoenix-Mesa-Scottsdale, AZ",8829b6c065fffff
riptide_1,2022-03-18,35.941183,-78.561212,NC,South,Raleigh,27614,mature,39580,"Raleigh, NC",882a8975a7fffff
riptide_2,2021-11-19,37.567935,-77.401696,VA,South,Richmond,23223,mature,40060,"Richmond, VA",882a8d9165fffff
riptide_3,2022-02-04,35.9704533,-78.9508619,NC,South,Durham,27707,mature,20500,"Durham-Chapel Hill, NC",882a896921fffff
riptide_5,2022-04-14,35.2569432,-81.1146928,NC,South,Gastonia,28056,mature,16740,"Charlotte-Concord-Gastonia, NC-SC",8844d87165fffff
riptide_6,2022-05-04,35.315321,-81.189858,NC,South,Dallas,28034,mature,16740,"Charlotte-Concord-Gastonia, NC-SC",8844d871d9fffff
riptide_7,2023-02-16,36.799698,-76.352119,VA,South,Portsmouth,23701,mature,47260,"Virginia Beach-Norfolk-Newport News, VA-NC",882af62f4dfffff
riptide_8,2023-06-15,35.180416,-78.982004,NC,South,Spring Lake,28390,mature,22180,"Fayetteville, NC",882ad60d83fffff
riverheadtoyotacarwash_1,2013-10-18,40.9238117,-72.6984423,NY,Northeast,Riverhead,11901,mature,35620,"New York-Newark-Jersey City, NY-NJ-PA",882a154629fffff
riverside_1,2016-09-07,42.9320614,-85.3591182,MI,Midwest,Lowell,49331,mature,24340,"Grand Rapids-Wyoming, MI",8827481317fffff
riverside_2,2017-01-26,44.25531,-85.4039916,MI,Midwest,Cadillac,49601,mature,15620,"Cadillac, MI",88274136c9fffff
riverside_3,2017-11-17,42.964536,-85.072397,MI,Midwest,Ionia,48846,mature,26960,"Ionia, MI",8827488e03fffff
roadrunner_1,2022-07-12,42.855856,-88.32707,WI,Midwest,Mukwonago,53149,mature,33340,"Milwaukee-Waukesha-West Allis, WI",88275d6cedfffff
roadrunner_2,2022-08-02,42.948622,-88.1102559,WI,Midwest,New Berlin,53151,mature,33340,"Milwaukee-Waukesha-West Allis, WI",88275d6449fffff
roadrunnerexpress_1,2021-10-07,37.3517798,-79.2267212,VA,South,Lynchburg,24502,mature,31340,"Lynchburg, VA",882a88c083fffff
roadrunnerexpress_3,2023-09-01,37.417232,-79.911144,VA,South,Daleville,24083,mature,40220,"Roanoke, VA",882a8e2899fffff
rock&rollcarwash_1,2010-08-17,29.9533081,-89.9799194,LA,South,Chalmette,70043,mature,35380,"New Orleans-Metairie, LA",8844464305fffff
rockawayautobath_1,2016-01-08,40.5815001,-73.8373237,NY,Northeast,ROCKAWAY PARK,11694,mature,35620,"New York-Newark-Jersey City, NY-NJ-PA",882a1039e9fffff
rocketwash2_3,2021-10-01,36.166852,-81.137401,NC,South,Wilkesboro,28697,mature,35900,"North Wilkesboro, NC",8844db06bdfffff
rocketwash2_4,2022-10-01,36.166852,-81.137401,NC,South,Wilkesboro,28697,mature,35900,"North Wilkesboro, NC",8844db06bdfffff
rocketwash2_5,2022-10-01,35.9470031,-79.0590484,NC,South,Chapel Hill,27514,mature,20500,"Durham-Chapel Hill, NC",882a8ba429fffff
rocketwash2_7,2023-10-01,36.0759831,-79.2750705,NC,South,Mebane,27302,mature,15500,"Burlington, NC",882a8baa1dfffff
rocketwash_5,2022-06-21,34.2843157,-85.167139,GA,South,Rome,30161,mature,40660,"Rome, GA",8844cc8c37fffff
rocknrollexpresscarwash_1,2020-06-24,27.1839874,-80.2413439,FL,South,Stuart,34994,mature,38940,"Port St. Lucie, FL",8844a8db35fffff
rocksedge_1,2023-03-03,36.2627033,-80.3657969,NC,South,King,27021,mature,49180,"Winston-Salem, NC",882a8b4b2bfffff
roguecarwash_1,2022-11-29,42.431156,-123.318903,OR,West,Grants Pass,97526,mature,24420,"Grants Pass, OR",882818d31dfffff
rollingthunder_1,2023-01-20,40.312286,-76.585289,PA,Northeast,Palmyra,17078,mature,30140,"Lebanon, PA",882aa120a1fffff
route66carwash_1,2021-12-06,34.0614384,-117.7787076,CA,West,Pomona,91768,mature,31080,"Los Angeles-Long Beach-Anaheim, CA",8829a0acedfffff
rubadub_1,2023-08-30,39.5215281,-107.7767197,CO,West,Rifle,81650,mature,24060,"Glenwood Springs, CO",8826835aebfffff
russellspeedersavon_1,2008-09-29,41.812135,-72.854178,CT,Northeast,Avon,6001,mature,25540,"Hartford-West Hartford-East Hartford, CT",882a141469fffff
sandiegocarcarecostaverde_1,2017-02-11,32.8677631,-117.2153321,CA,West,San Diego,92122,mature,41740,"San Diego-Carlsbad, CA",8829a401c3fffff
sandiegocarcarecostaverde_2,2018-03-07,32.977045,-117.083182,CA,West,San Diego,92128,mature,41740,"San Diego-Carlsbad, CA",8829a408a7fffff
sandiegocarcarecostaverde_3,2018-07-13,33.0181571,-117.0751321,CA,West,San Diego,92128,mature,41740,"San Diego-Carlsbad, CA",8829a47229fffff
sandiegocarcarecostaverde_4,2020-10-14,32.95192,-117.233639,CA,West,San Diego,92130,mature,41740,"San Diego-Carlsbad, CA",8829a40e27fffff
saratogahonda_1,2023-05-24,43.0575753,-73.7867377,NY,Northeast,Saratoga Springs,12866,mature,10580,"Albany-Schenectady-Troy, NY",882b89d5d1fffff
sasqwash_1,2022-11-11,40.542137,-122.351048,CA,West,Redding,96002,mature,39820,"Redding, CA",8828150ce5fffff
scarboroughcarwash_1,2023-06-07,32.3736953,-96.8658301,TX,South,Waxahachie,75165,mature,19100,"Dallas-Fort Worth-Arlington, TX",8826cb12b5fffff
scrubblesstl_1,2023-06-07,38.789628,-90.571748,MO,Midwest,St. Peters,63376,mature,41180,"St. Louis, MO-IL",8826463abbfffff
scrubblesstl_4,2023-07-11,38.799026,-90.655157,MO,Midwest,St. Peters,63376,mature,41180,"St. Louis, MO-IL",8826463839fffff
scrubblesstl_6,2023-08-18,38.772471,-90.62473,MO,Midwest,St. Peters,63376,mature,41180,"St. Louis, MO-IL",882646388dfffff
seafordcarwash_1,2019-03-26,40.6647522,-73.5023578,NY,Northeast,Seaford,11783,mature,35620,"New York-Newark-Jersey City, NY-NJ-PA",882a103245fffff
seawaycarwash_1,2019-10-22,44.432247,-73.211555,VT,Northeast,South Burlington,5403,mature,15540,"Burlington-South Burlington, VT",882b8cb5e5fffff
seawaycarwash_2,2019-11-04,44.534915,-73.249656,VT,Northeast,Colchester,5446,mature,15540,"Burlington-South Burlington, VT",882b8cb0e7fffff
seawaycarwash_3,2019-10-23,44.432247,-73.211555,VT,Northeast,South Burlington,5403,mature,15540,"Burlington-South Burlington, VT",882b8cb5e5fffff
secaucuscarwash_1,2017-08-08,40.793738,-74.059473,NJ,Northeast,Secaucus,7094,mature,35620,"New York-Newark-Jersey City, NY-NJ-PA",882a1009b1fffff
slash77carwash_1,2023-03-14,32.2824836,-107.7604114,NM,West,Deming,88030,mature,19700,"Deming, NM",8848c08167fffff
slimolsoncarwash_1,2019-06-28,40.8646084,-111.8932642,UT,West,Bountiful,84010,mature,36260,"Ogden-Clearfield, UT",882696b90dfffff
snapclean_1,2017-03-01,32.3325026,-96.6190816,TX,South,Ennis,75119,mature,19100,"Dallas-Fort Worth-Arlington, TX",8826cbb9c9fffff
snapclean_2,2020-01-31,32.590479,-96.927912,TX,South,Cedar Hill,75104,mature,19100,"Dallas-Fort Worth-Arlington, TX",8826cb8b3bfffff
snapclean_3,2020-12-09,32.705339,-96.839619,TX,South,Dallas,75224,mature,19100,"Dallas-Fort Worth-Arlington, TX",8826cb981bfffff
snappycarwash_3,2020-07-24,41.8351233,-87.744067,IL,Midwest,Cicero,60804,mature,16980,"Chicago-Naperville-Elgin, IL-IN-WI",882664c887fffff
snappycarwash_6,2022-12-09,26.6083358,-81.8206806,FL,South,Fort Myers,33913,mature,15980,"Cape Coral-Fort Myers, FL",884413774bfffff
snappykedzieexpresswash_1,2021-05-04,41.8282134,-87.7044561,IL,Midwest,Chicago,60632,mature,16980,"Chicago-Naperville-Elgin, IL-IN-WI",882664c899fffff
soapatopia_1,2021-05-13,40.7112018,-96.6212759,NE,Midwest,Lincoln,68516,mature,30700,"Lincoln, NE",88260a024bfffff
soapatopia_4,2023-03-08,40.744755,-96.725466,NE,Midwest,Lincoln,68523,mature,30700,"Lincoln, NE",88260a1ad1fffff
soapies_1,2018-02-19,32.5001696,-94.7353688,TX,South,Longview,75601,mature,30980,"Longview, TX",88444d9015fffff
soapysaddles_1,2020-06-09,33.928288,-117.5582813,CA,West,Norco,92860,mature,40140,"Riverside-San Bernardino-Ontario, CA",8829a0ab11fffff
soapyshark_1,2022-12-08,26.705899,-80.084984,FL,South,West Palm Beach,33409,mature,33100,"Miami-Fort Lauderdale-West Palm Beach, FL",8844ae8507fffff
soggydogcarwash_1,2018-08-10,37.7497422,-81.1410942,WV,South,Glen Morgan,25813,mature,13220,"Beckley, WV",882a9d1511fffff
solarcity_1,2023-02-20,32.751518,-96.5829,TX,South,Mesquite,75149,mature,19100,"Dallas-Fort Worth-Arlington, TX",8826cb9745fffff
someguyscarwash_1,2010-02-04,40.740348,-73.320643,NY,Northeast,North Babylon,11703,mature,35620,"New York-Newark-Jersey City, NY-NJ-PA",882a10a115fffff
sonicsuds_1,2021-03-03,34.8281587,-82.3476092,SC,South,Greenville,29607,mature,24860,"Greenville-Anderson-Mauldin, SC",8844dd545dfffff
sonicsuds_2,2021-06-09,34.721783,-82.2524319,SC,South,Simpsonville,29681,mature,24860,"Greenville-Anderson-Mauldin, SC",8844dd52e1fffff
sonicsuds_4,2023-01-17,34.8066415,-82.2228338,SC,South,Simpsonville,29681,mature,24860,"Greenville-Anderson-Mauldin, SC",8844dd50b7fffff
sonoranexpresscarwash_1,2017-12-06,33.638276,-112.151072,AZ,West,Phoenix,85053,mature,38060,"Phoenix-Mesa-Scottsdale, AZ",8829b6c2e9fffff
sonoranexpresscarwash_2,2023-08-11,33.392207,-112.048588,AZ,West,Phoenix,85042,mature,38060,"Phoenix-Mesa-Scottsdale, AZ",8848e969e7fffff
spartacarwash_1,2013-10-18,41.077785,-74.660805,NJ,Northeast,Sparta Township,7871,mature,35620,"New York-Newark-Jersey City, NY-NJ-PA",882a129435fffff
speedyfalconcarwash_1,2009-04-10,38.9438892,-94.8145282,KS,Midwest,Lenexa,66220,mature,28140,"Kansas City, MO-KS",8826567853fffff
speedyfalconcarwash_2,2018-08-30,38.9246,-94.755321,KS,Midwest,Lenexa,66215,mature,28140,"Kansas City, MO-KS",8826567a97fffff
splashhopperexpresswash_1,2018-01-09,31.297995,-86.499013,AL,South,Andalusia,36420,mature,21460,"Enterprise, AL (nearest)",8844e1b6bbfffff
squeakycleancarwash2_1,2014-03-06,35.642658,-106.013367,NM,West,Santa Fe,87507,mature,42140,"Santa Fe, NM",8848d87265fffff
statenislandautobathinc_1,2013-10-18,40.562927,-74.191078,NY,Northeast,STATEN ISLAND,10312,mature,35620,"New York-Newark-Jersey City, NY-NJ-PA",882a1060edfffff
statestreetautowash_2,2022-02-15,44.4214613,-83.3303171,MI,Midwest,Oscoda,48750,mature,NON_CBSA_MI,Non-CBSA MI,88276bd66dfffff
stevenscreekxpress_1,2022-11-01,37.3239942,-121.964776,CA,West,Santa Clara,95051,mature,41940,"San Jose-Sunnyvale-Santa Clara, CA",8828347045fffff
stonewashcarcarecenter_1,2020-05-18,36.732675,-88.633078,KY,South,Mayfield,42066,mature,32460,"Mayfield, KY",88264e842dfffff
sudsdeluxe_1,2020-12-23,30.120209,-95.5538159,TX,South,Tomball,77375,mature,26420,"Houston-The Woodlands-Sugar Land, TX",88446c2681fffff
sudsdeluxe_3,2022-05-31,30.5890293,-97.6571414,TX,South,Georgetown,78626,mature,12420,"Austin-Round Rock, TX",8848985943fffff
sudsdeluxe_4,2021-12-15,30.0340079,-97.8475076,TX,South,Kyle,78640,mature,12420,"Austin-Round Rock, TX",88489ea0b7fffff
sudsdeluxe_5,2022-03-10,29.665452,-95.193657,TX,South,Pasadena,77504,mature,26420,"Houston-The Woodlands-Sugar Land, TX",88446c0749fffff
sudsdeluxe_7,2023-02-14,29.863781,-97.960194,TX,South,San Marcos,78666,mature,12420,"Austin-Round Rock, TX",88489eb73bfffff
sudsdeluxe_8,2023-04-19,29.645809,-95.565168,TX,South,Stafford,77477,mature,26420,"Houston-The Woodlands-Sugar Land, TX",88446ca007fffff
sunnydazecarwash_1,2023-09-05,37.8251777,-82.8230267,KY,South,Paintsville,41240,mature,NON_CBSA_KY,Non-CBSA KY,882a98ce85fffff
sunrisecarwash_1,2021-06-22,40.6610585,-73.5587834,NY,Northeast,Merrick,11566,mature,35620,"New York-Newark-Jersey City, NY-NJ-PA",882a103355fffff
sunsetcw_1,2015-04-24,48.7722584,-122.4587268,WA,West,Bellingham,98226,mature,13380,"Bellingham, WA",8828d17b0dfffff
sunsplash_1,2019-12-19,47.140863,-119.2794879,WA,West,Moses Lake,98837,mature,34180,"Moses Lake, WA",88288bb1e7fffff
superduck_1,2022-10-10,34.9095053,-86.5717247,AL,South,Hazel Green,35750,mature,26620,"Huntsville, AL",882649a01bfffff
superduck_2,2022-10-10,34.749925,-86.765396,AL,South,Madison,35757,mature,26620,"Huntsville, AL",88264932edfffff
superfineautospa_1,2023-05-01,33.8384028,-118.0824009,CA,West,Lakewood,90715,mature,31080,"Los Angeles-Long Beach-Anaheim, CA",8829a56845fffff
superioralmedacarwash_1,2012-10-11,29.6270427,-95.2356065,TX,South,Houston,77075,mature,26420,"Houston-The Woodlands-Sugar Land, TX",88446c15ddfffff
superiorfrycarwash_1,2012-02-09,29.798672,-95.719652,TX,South,Katy,77449,mature,26420,"Houston-The Woodlands-Sugar Land, TX",88446ca4adfffff
superiormermaidcarwash_1,2015-02-24,30.068153,-95.2278537,TX,South,KINGWOOD,77339,mature,26420,"Houston-The Woodlands-Sugar Land, TX",88446c2a8dfffff
superiorshinecarwash_1,2019-10-09,42.500355,-82.897283,MI,Midwest,St. Clair Shores,48081,mature,19820,"Detroit-Warren-Dearborn, MI",882ab2d41dfffff
superiortexascarwash_1,2018-12-05,29.692899,-95.644466,TX,South,Houston,77083,mature,26420,"Houston-The Woodlands-Sugar Land, TX",88446ca725fffff
superiortomballcarwash_1,2010-11-02,30.1111135,-95.6418508,TX,South,Tomball,77375,mature,26420,"Houston-The Woodlands-Sugar Land, TX",88446dc9d5fffff
superscrubcarwash_1,2022-05-05,37.9878256,-121.3120066,CA,West,Stockton,95207,mature,44700,"Stockton-Lodi, CA",8828362227fffff
supersplashcarwash_1,2022-01-27,33.232045,-96.792765,TX,South,Prosper,75078,mature,19100,"Dallas-Fort Worth-Arlington, TX",8826c80c4dfffff
superspray_1,2010-03-11,35.8956996,-94.9762675,OK,South,Tahlequah,74464,mature,45140,"Tahlequah, OK",8826e80739fffff
supersuds_1,2022-10-01,33.713502,-84.166375,GA,South,Lithonia,30058,mature,12060,"Atlanta-Sandy Springs-Roswell, GA",8844c10705fffff
texascarwash_1,2017-10-25,40.6150131,-73.6435134,NY,Northeast,Island Park,11558,mature,35620,"New York-Newark-Jersey City, NY-NJ-PA",882a103107fffff
theautospa_1,2018-04-10,33.9967499,-96.3997585,OK,South,Durant,74701,mature,20460,"Durant, OK",8826cc2899fffff
theautospa_3,2023-06-07,34.0049678,-96.4088824,OK,South,Durant,74701,mature,20460,"Durant, OK",8826cc28d7fffff
thewashery_1,2019-04-30,40.9915161,-75.9865112,PA,Northeast,Hazleton,18202,mature,42540,"Scranton--Wilkes-Barre--Hazleton, PA",882a1259b5fffff
tlccarwash_1,2019-04-02,37.2984337,-79.9390081,VA,South,Roanoke,24012,mature,40220,"Roanoke, VA",882a8a976bfffff
topwash_1,2021-09-07,33.9060451,-84.2947299,GA,South,Atlanta,30341,mature,12060,"Atlanta-Sandy Springs-Roswell, GA",8844c131c1fffff
totalpackagecarwash_3,2023-05-09,26.665762,-81.946422,FL,South,Cape Coral,33909,mature,15980,"Cape Coral-Fort Myers, FL",88441339e9fffff
touch&gocarwash_1,2017-08-30,31.5790283,-90.4640628,MS,South,Brookhaven,39601,mature,15020,"Brookhaven, MS",8844422f59fffff
trucarwash_1,2022-05-04,37.541735,-77.372169,VA,South,Richmond,23223,mature,40060,"Richmond, VA",882a8d9103fffff
trueclean_1,2023-05-23,39.629809,-105.404861,CO,West,Evergreen,80439,mature,19740,"Denver-Aurora-Lakewood, CO",88268122edfffff
trushine_1,2019-01-30,36.629132,-82.1296309,VA,South,Bristol,24202,mature,28700,"Kingsport-Bristol-Bristol, TN-VA",882a9971a1fffff
trushine_3,2020-01-14,36.683107,-82.082277,VA,South,Abingdon,24211,mature,28700,"Kingsport-Bristol-Bristol, TN-VA",882a99715bfffff
trushine_4,2020-09-02,36.3855828,-82.4167647,TN,South,Johnson City,37615,mature,27740,"Johnson City, TN",8844d92c59fffff
trushine_5,2021-05-18,36.5267252,-82.5205922,TN,South,Kingsport,37664,mature,28700,"Kingsport-Bristol-Bristol, TN-VA",882a9ba46dfffff
trushine_6,2021-10-13,35.8773477,-83.5701751,TN,South,Sevierville,37876,mature,42940,"Sevierville, TN",8844ca0587fffff
trushine_7,2023-01-11,36.5234851,-82.3165076,TN,South,Blountville,37617,mature,28700,"Kingsport-Bristol-Bristol, TN-VA",882a996805fffff
tsunamicarwash_3,2021-07-14,42.959942,-87.984392,WI,Midwest,Greenfield,53220,mature,33340,"Milwaukee-Waukesha-West Allis, WI",88275d290bfffff
tsunamicarwash_6,2022-11-17,41.559651,-87.354697,IN,Midwest,Gary,46408,mature,16980,"Chicago-Naperville-Elgin, IL-IN-WI",8826640029fffff
tsunamicarwash_7,2022-12-12,41.628196,-86.736398,IN,Midwest,La Porte,46350,mature,33140,"Michigan City-La Porte, IN",882664b1c9fffff
tsunamicarwash_8,2022-11-29,41.562374,-87.181707,IN,Midwest,Portage,46368,mature,16980,"Chicago-Naperville-Elgin, IL-IN-WI",88266415e9fffff
tsunamicarwash_9,2023-04-11,42.88706,-87.913636,WI,Midwest,Oak Creek,53154,mature,33340,"Milwaukee-Waukesha-West Allis, WI",88275d28a7fffff
turnpikecarwash_1,2015-08-11,40.828843,-73.417715,NY,Northeast,Huntington Station,11746,mature,35620,"New York-Newark-Jersey City, NY-NJ-PA",882a10b981fffff
twins_1,2023-04-18,28.39651,-80.704089,FL,South,Merritt Island,32953,mature,37340,"Palm Bay-Melbourne-Titusville, FL",8844ab94ddfffff
uscarwash_1,2023-03-28,45.5205511,-123.0611105,OR,West,Cornelius,97113,mature,38900,"Portland-Vancouver-Hillsboro, OR-WA",8828f0a811fffff
valvolineexpresscare_1,2019-03-19,30.076585,-94.170757,TX,South,Beaumont,77706,mature,13140,"Beaumont-Port Arthur, TX",88446ea863fffff
venicecarwash_1,2010-03-11,27.0888194,-82.4438975,FL,South,Venice,34285,mature,35840,"North Port-Sarasota-Bradenton, FL",88441e5415fffff
vexpresscarwash_1,2010-03-11,38.05137,-84.71597,KY,South,Versailles,40383,mature,30460,"Lexington-Fayette, KY",88266d0497fffff
vibecarwash_1,2023-02-28,33.0570132,-96.7086449,TX,South,Plano,75023,mature,19100,"Dallas-Fort Worth-Arlington, TX",8826c876dbfffff
vicscarwash_1,2014-04-28,41.710426,-88.069189,IL,Midwest,Bolingbrook,60440,mature,16980,"Chicago-Naperville-Elgin, IL-IN-WI",8826645827fffff
villagecarwash_1,2009-05-05,31.902387,-110.986987,AZ,West,Green Valley,85614,mature,46060,"Tucson, AZ",8848e8c057fffff
vortexcarwash_1,2023-02-14,36.768347,-76.583762,VA,South,Suffolk,23434,mature,47260,"Virginia Beach-Norfolk-Newport News, VA-NC",882af2932dfffff
wash37135_1,2019-05-07,35.961495,-86.672336,TN,South,Nolensville,37135,mature,34980,"Nashville-Davidson--Murfreesboro--Franklin, TN",88264d15b7fffff
wash37135_3,2021-10-21,36.074159,-87.3697418,TN,South,Dickson,37055,mature,34980,"Nashville-Davidson--Murfreesboro--Franklin, TN",88264d5893fffff
washashorecarwash_1,2019-05-21,41.8176879,-70.5507812,MA,Northeast,Plymouth,2360,mature,14460,"Boston-Cambridge-Newton, MA-NH",882a314557fffff
washboxcarwash_1,2022-10-01,33.9567422,-86.0434156,AL,South,Rainbow City,35906,mature,23460,"Gadsden, AL",8844ebc5d5fffff
washindustries_1,2017-06-13,39.9676879,-75.5527752,PA,Northeast,West Chester,19382,mature,37980,"Philadelphia-Camden-Wilmington, PA-NJ-DE-MD",882aac8cdbfffff
washindustries_10,2022-12-20,40.0469382,-75.1423013,PA,Northeast,Philadelphia,19141,mature,37980,"Philadelphia-Camden-Wilmington, PA-NJ-DE-MD",882a134aedfffff
washindustries_2,2017-10-18,39.9830529,-75.2421422,PA,Northeast,Philadelphia,19151,mature,37980,"Philadelphia-Camden-Wilmington, PA-NJ-DE-MD",882a134991fffff
washindustries_3,2018-01-17,40.0328379,-75.180462,PA,Northeast,Philadelphia,19144,mature,37980,"Philadelphia-Camden-Wilmington, PA-NJ-DE-MD",882a134857fffff
washindustries_4,2018-03-07,39.9327783,-75.1683637,PA,Northeast,Philadelphia,19146,mature,37980,"Philadelphia-Camden-Wilmington, PA-NJ-DE-MD",882a134d01fffff
washindustries_5,2018-04-03,39.993107,-75.155206,PA,Northeast,Philadelphia,19132,mature,37980,"Philadelphia-Camden-Wilmington, PA-NJ-DE-MD",882a1348ddfffff
washindustries_7,2018-05-03,39.9574455,-75.2135352,PA,Northeast,Philadelphia,19139,mature,37980,"Philadelphia-Camden-Wilmington, PA-NJ-DE-MD",882aacb25dfffff
washindustries_8,2018-05-04,39.9131608,-75.2430596,PA,Northeast,Philadelphia,19153,mature,37980,"Philadelphia-Camden-Wilmington, PA-NJ-DE-MD",882aacb2e5fffff
washindustries_9,2018-08-06,40.097665,-75.029957,PA,Northeast,Philadelphia,19115,mature,37980,"Philadelphia-Camden-Wilmington, PA-NJ-DE-MD",882a13432bfffff
washnroll_1,2022-08-30,36.043861,-86.662127,TN,South,Nashville,37013,mature,34980,"Nashville-Davidson--Murfreesboro--Franklin, TN",88264d142dfffff
washnroll_2,2022-08-31,36.074531,-86.923798,TN,South,Nashville,37221,mature,34980,"Nashville-Davidson--Murfreesboro--Franklin, TN",88264d18e1fffff
washnroll_3,2022-09-01,36.1196537,-86.7745102,TN,South,Nashville,37204,mature,34980,"Nashville-Davidson--Murfreesboro--Franklin, TN",88264d1037fffff
washnroll_4,2022-09-09,36.145437,-86.870853,TN,South,Nashville,37209,mature,34980,"Nashville-Davidson--Murfreesboro--Franklin, TN",88264d1a1bfffff
washnroll_6,2022-09-09,34.754967,-86.82934,AL,South,Athens,35613,mature,26620,"Huntsville, AL",8826493069fffff
washrite_1,2021-10-06,39.2479462,-81.5549239,WV,South,Parkersburg,26101,mature,37620,"Parkersburg-Vienna, WV",882a823843fffff
washrite_2,2022-02-23,39.3952576,-81.5000379,OH,Midwest,Marietta,45750,mature,31930,"Marietta, OH",882a820445fffff
washrite_3,2022-06-30,39.322989,-81.550831,WV,South,Vienna,26105,mature,37620,"Parkersburg-Vienna, WV",882a820583fffff
washrite_4,2022-08-23,39.2835083,-81.5479125,WV,South,Parkersburg,26101,mature,37620,"Parkersburg-Vienna, WV",882a823a67fffff
washrite_5,2022-11-28,39.282164,-80.268294,WV,South,Bridgeport,26330,mature,17220,"Clarksburg, WV",882a802b0dfffff
washrite_6,2023-02-02,40.3753805,-80.7046964,OH,Midwest,Wintersville,43953,mature,48260,"Weirton-Steubenville, WV-OH",882a86aa07fffff
washrite_7,2023-08-01,39.909698,-80.749338,WV,South,Moundsville,26041,mature,48540,"Wheeling, WV-OH",882a8624c3fffff
washup_1,2021-01-05,41.460256,-87.066806,IN,Midwest,Valparaiso,46383,mature,16980,"Chicago-Naperville-Elgin, IL-IN-WI",882664a931fffff
washup_2,2021-01-29,41.598159,-87.173195,IN,Midwest,Portage,46368,mature,16980,"Chicago-Naperville-Elgin, IL-IN-WI",8826641551fffff
washup_7,2023-05-23,41.5501999,-87.41374,IN,Midwest,Griffith,46319,mature,16980,"Chicago-Naperville-Elgin, IL-IN-WI",8826640139fffff
washworksexpress_1,2008-12-09,27.5153194,-97.8615725,TX,South,Kingsville,78363,mature,28780,"Kingsville, TX",8848958d91fffff
waterscarwash_1,2020-07-02,27.1761022,-80.2526216,FL,South,Stuart,34994,mature,38940,"Port St. Lucie, FL",8844a8db07fffff
waterscarwash_3,2020-12-19,26.6289371,-80.0848896,FL,South,Palm Springs,33461,mature,33100,"Miami-Fort Lauderdale-West Palm Beach, FL",8844ae82b7fffff
waterwayscarspa_1,2020-08-06,28.654755,-81.33246,FL,South,Casselberry,32707,mature,36740,"Orlando-Kissimmee-Sanford, FL",8844a90c89fffff
waterworksexpresscarwash_1,2020-12-08,45.0896047,-87.6501928,WI,Midwest,Marinette,54143,mature,31940,"Marinette, WI-MI",8827406b39fffff
waveautowash_1,2022-08-31,42.841572,-85.674812,MI,Midwest,Grand Rapids,49548,mature,24340,"Grand Rapids-Wyoming, MI",8827485689fffff
wetnjetcarwash_1,2013-01-11,30.256462,-98.8709079,TX,South,Fredericksburg,78624,mature,23240,"Fredericksburg, TX",8848989693fffff
wetrabbitexpresscarwash_1,2021-05-03,47.1748272,-122.4832795,WA,West,Lakewood,98499,mature,42660,"Seattle-Tacoma-Bellevue, WA",8828d5d0d7fffff
wetrabbitexpresscarwash_3,2021-05-05,48.0620602,-122.1775845,WA,West,Marysville,98270,mature,42660,"Seattle-Tacoma-Bellevue, WA",8828d0a093fffff
woodies_1,2021-01-13,27.893635,-82.522547,FL,South,Tampa,33611,mature,45300,"Tampa-St. Petersburg-Clearwater, FL",88441a8857fffff
woodies_10,2022-08-11,27.849161,-82.350817,FL,South,Gibsonton,33534,mature,45300,"Tampa-St. Petersburg-Clearwater, FL",88441ad5bdfffff
woodies_11,2022-12-29,27.1246129,-82.453425,FL,South,Nokomis,34275,mature,35840,"North Port-Sarasota-Bradenton, FL",88441e54a9fffff
woodies_13,2022-10-05,27.8384124,-82.7592529,FL,South,Seminole,33777,mature,45300,"Tampa-St. Petersburg-Clearwater, FL",88441a9533fffff
woodies_14,2022-10-19,27.8948321,-82.7431977,FL,South,Largo,33771,mature,45300,"Tampa-St. Petersburg-Clearwater, FL",88441a876bfffff
woodies_15,2023-05-23,27.893964,-82.492682,FL,South,Tampa,33611,mature,45300,"Tampa-St. Petersburg-Clearwater, FL",88441a8829fffff
woodies_18,2023-08-11,27.4142643,-82.4474296,FL,South,Bradenton,34202,mature,35840,"North Port-Sarasota-Bradenton, FL",88441e6347fffff
woodies_19,2023-08-01,27.385202,-82.424886,FL,South,Sarasota,34240,mature,35840,"North Port-Sarasota-Bradenton, FL",88441e7a83fffff
woodies_3,2021-06-24,27.7368325,-82.6800166,FL,South,St. Petersburg,33711,mature,45300,"Tampa-St. Petersburg-Clearwater, FL",88441a91c3fffff
woodies_5,2021-11-03,28.1860383,-82.4067407,FL,South,Lutz,33559,mature,45300,"Tampa-St. Petersburg-Clearwater, FL",88441a0067fffff
woodies_6,2021-12-01,27.7117577,-82.3330877,FL,South,Wimauma,33598,mature,45300,"Tampa-St. Petersburg-Clearwater, FL",88441ad0d9fffff
woodies_7,2021-10-01,27.823254,-82.727867,FL,South,St. Petersburg,33709,mature,45300,"Tampa-St. Petersburg-Clearwater, FL",88441a9527fffff
wowcarwash_3,2023-05-16,34.001983,-83.710792,GA,South,Winder,30680,mature,12060,"Atlanta-Sandy Springs-Roswell, GA",8844c16a17fffff
xcellautospa_1,2018-10-19,26.526895,-80.098917,FL,South,Boynton Beach,33436,mature,33100,"Miami-Fort Lauderdale-West Palm Beach, FL",8844ae90b1fffff
zelocarwash_1,2023-06-01,39.676744,-104.7703692,CO,West,Aurora,80013,mature,19740,"Denver-Aurora-Lakewood, CO",88268cd5edfffff
zipsexpresscarwash_1,2022-06-01,34.1130096,-84.5571337,GA,South,Woodstock,30189,mature,12060,"Atlanta-Sandy Springs-Roswell, GA",8844ccc821fffff
zipsexpresscarwash_14,2022-09-21,30.1965255,-97.9986917,TX,South,Austin,78737,mature,12420,"Austin-Round Rock, TX",884898daebfffff
zipsexpresscarwash_15,2022-09-23,37.989728,-84.209236,KY,South,Winchester,40391,mature,30460,"Lexington-Fayette, KY",88266da4bbfffff
zipsexpresscarwash_17,2022-09-29,32.453117,-97.732979,TX,South,Granbury,76049,mature,19100,"Dallas-Fort Worth-Arlington, TX",8826ca2e37fffff
zipsexpresscarwash_18,2022-10-05,30.1530502,-95.2185982,TX,South,New Caney,77357,mature,26420,"Houston-The Woodlands-Sugar Land, TX",88446c2897fffff
zipsexpresscarwash_3,2022-06-24,35.665662,-78.8439879,NC,South,Holly Springs,27540,mature,39580,"Raleigh, NC",882ad6d59bfffff
zipsexpresscarwash_4,2022-06-14,35.374643,-77.944051,NC,South,Goldsboro,27534,mature,24140,"Goldsboro, NC",882ad445dbfffff
zipsexpresscarwash_5,2022-06-29,38.180617,-85.859323,KY,South,Louisville,40216,mature,31140,"Louisville/Jefferson County, KY-IN",882668bb5dfffff
